timestamp,pod_name,container_name,cpu_actual,cpu_capped
2023-03-25 15:20:17.390931,pod-graph-bfs-12zicapy,,0.2,0.2
2023-03-25 15:20:20.453281,pod-graph-bfs-12zicapy,,0.2,0.2
2023-03-25 15:20:23.512264,pod-graph-bfs-12zicapy,,0.3,0.3
2023-03-25 15:20:26.57161,pod-graph-bfs-12zicapy,,0.3,0.3
2023-03-25 15:20:29.628146,pod-graph-bfs-12zicapy,,0.45,0.45
2023-03-25 15:20:17.390931,pod-graph-bfs-9c62wgg2,,0.2,0.2
2023-03-25 15:20:20.453281,pod-graph-bfs-9c62wgg2,,0.2,0.2
2023-03-25 15:20:23.512264,pod-graph-bfs-9c62wgg2,,0.3,0.3
2023-03-25 15:20:26.57161,pod-graph-bfs-9c62wgg2,,0.3,0.3
2023-03-25 15:20:29.628146,pod-graph-bfs-9c62wgg2,,0.45,0.45
2023-03-25 15:20:32.683212,pod-graph-bfs-12zicapy,,0.45,0.45
2023-03-25 15:20:35.771575,pod-graph-bfs-12zicapy,,0.675,0.675
2023-03-25 15:20:38.941521,pod-graph-bfs-12zicapy,,0.675,0.675
2023-03-25 15:20:41.999177,pod-graph-bfs-12zicapy,,0.94,0.94
2023-03-25 15:20:45.055295,pod-graph-bfs-12zicapy,,0.94,0.94
2023-03-25 15:20:48.116858,pod-graph-bfs-12zicapy,,1.221,1.221
2023-03-25 15:20:51.178753,pod-graph-bfs-12zicapy,,1.221,1.221
2023-03-25 15:20:54.239286,pod-graph-bfs-12zicapy,,1.37,1.37
2023-03-25 15:20:57.299288,pod-graph-bfs-12zicapy,,1.37,1.37
2023-03-25 15:20:32.683212,pod-graph-bfs-9c62wgg2,,0.45,0.45
2023-03-25 15:20:35.771575,pod-graph-bfs-9c62wgg2,,0.675,0.675
2023-03-25 15:20:38.941521,pod-graph-bfs-9c62wgg2,,0.675,0.675
2023-03-25 15:20:41.999177,pod-graph-bfs-9c62wgg2,,1.003,1.003
2023-03-25 15:20:45.055295,pod-graph-bfs-9c62wgg2,,1.003,1.003
2023-03-25 15:20:48.116858,pod-graph-bfs-9c62wgg2,,1.325,1.325
2023-03-25 15:20:51.178753,pod-graph-bfs-9c62wgg2,,1.325,1.325
2023-03-25 15:20:54.239286,pod-graph-bfs-9c62wgg2,,1.484,1.484
2023-03-25 15:20:57.299288,pod-graph-bfs-9c62wgg2,,1.484,1.484
2023-03-25 15:20:57.299288,pod-graph-bfs-q5s0miwn,,1,1
2023-03-25 15:21:00.364366,pod-graph-bfs-12zicapy,,1.446,1.446
2023-03-25 15:21:03.461482,pod-graph-bfs-12zicapy,,1.446,1.446
2023-03-25 15:21:06.524839,pod-graph-bfs-12zicapy,,1.437,1.437
2023-03-25 15:21:09.589027,pod-graph-bfs-12zicapy,,1.437,1.437
2023-03-25 15:21:12.659494,pod-graph-bfs-12zicapy,,1.405,1.405
2023-03-25 15:21:15.728732,pod-graph-bfs-12zicapy,,1.405,1.405
2023-03-25 15:21:18.797149,pod-graph-bfs-12zicapy,,1.394,1.394
2023-03-25 15:21:21.867044,pod-graph-bfs-12zicapy,,1.394,1.394
2023-03-25 15:21:24.936261,pod-graph-bfs-12zicapy,,1.383,1.383
2023-03-25 15:21:28.004727,pod-graph-bfs-12zicapy,,1.383,1.383
2023-03-25 15:21:00.364366,pod-graph-bfs-9c62wgg2,,1.411,1.411
2023-03-25 15:21:00.364366,pod-graph-bfs-q5s0miwn,,0.25,0.25
2023-03-25 15:21:03.461482,pod-graph-bfs-9c62wgg2,,1.411,1.411
2023-03-25 15:21:03.461482,pod-graph-bfs-q5s0miwn,,0.25,0.25
2023-03-25 15:21:06.524839,pod-graph-bfs-9c62wgg2,,1.383,1.383
2023-03-25 15:21:06.524839,pod-graph-bfs-q5s0miwn,,0.2,0.2
2023-03-25 15:21:09.589027,pod-graph-bfs-9c62wgg2,,1.383,1.383
2023-03-25 15:21:09.589027,pod-graph-bfs-q5s0miwn,,0.2,0.2
2023-03-25 15:21:12.659494,pod-graph-bfs-9c62wgg2,,1.364,1.364
2023-03-25 15:21:12.659494,pod-graph-bfs-q5s0miwn,,0.3,0.3
2023-03-25 15:21:15.728732,pod-graph-bfs-9c62wgg2,,1.364,1.364
2023-03-25 15:21:15.728732,pod-graph-bfs-q5s0miwn,,0.3,0.3
2023-03-25 15:21:18.797149,pod-graph-bfs-9c62wgg2,,1.34,1.34
2023-03-25 15:21:18.797149,pod-graph-bfs-q5s0miwn,,0.45,0.45
2023-03-25 15:21:21.867044,pod-graph-bfs-9c62wgg2,,1.34,1.34
2023-03-25 15:21:21.867044,pod-graph-bfs-q5s0miwn,,0.45,0.45
2023-03-25 15:21:24.936261,pod-graph-bfs-9c62wgg2,,1.327,1.327
2023-03-25 15:21:24.936261,pod-graph-bfs-q5s0miwn,,0.675,0.675
2023-03-25 15:21:28.004727,pod-graph-bfs-9c62wgg2,,1.327,1.327
2023-03-25 15:21:28.004727,pod-graph-bfs-q5s0miwn,,0.675,0.675
2023-03-25 15:21:31.07368,pod-graph-bfs-12zicapy,,1.372,1.372
2023-03-25 15:21:34.179281,pod-graph-bfs-12zicapy,,1.372,1.372
2023-03-25 15:21:37.251295,pod-graph-bfs-12zicapy,,1.361,1.361
2023-03-25 15:21:40.32317,pod-graph-bfs-12zicapy,,1.361,1.361
2023-03-25 15:21:43.391378,pod-graph-bfs-12zicapy,,1.373,1.373
2023-03-25 15:21:46.46806,pod-graph-bfs-12zicapy,,1.373,1.373
2023-03-25 15:21:49.53876,pod-graph-bfs-12zicapy,,1.377,1.377
2023-03-25 15:21:52.607282,pod-graph-bfs-12zicapy,,1.377,1.377
2023-03-25 15:21:55.677552,pod-graph-bfs-12zicapy,,1.374,1.374
2023-03-25 15:21:58.74536,pod-graph-bfs-12zicapy,,1.374,1.374
2023-03-25 15:21:31.07368,pod-graph-bfs-9c62wgg2,,1.311,1.311
2023-03-25 15:21:31.07368,pod-graph-bfs-q5s0miwn,,1.012,1.012
2023-03-25 15:21:34.179281,pod-graph-bfs-9c62wgg2,,1.311,1.311
2023-03-25 15:21:34.179281,pod-graph-bfs-q5s0miwn,,1.012,1.012
2023-03-25 15:21:37.251295,pod-graph-bfs-9c62wgg2,,1.287,1.287
2023-03-25 15:21:37.251295,pod-graph-bfs-q5s0miwn,,1.325,1.325
2023-03-25 15:21:40.32317,pod-graph-bfs-9c62wgg2,,1.287,1.287
2023-03-25 15:21:40.32317,pod-graph-bfs-q5s0miwn,,1.325,1.325
2023-03-25 15:21:43.391378,pod-graph-bfs-9c62wgg2,,1.274,1.274
2023-03-25 15:21:43.391378,pod-graph-bfs-q5s0miwn,,1.56,1.56
2023-03-25 15:21:46.46806,pod-graph-bfs-9c62wgg2,,1.274,1.274
2023-03-25 15:21:46.46806,pod-graph-bfs-q5s0miwn,,1.56,1.56
2023-03-25 15:21:49.53876,pod-graph-bfs-9c62wgg2,,1.258,1.258
2023-03-25 15:21:49.53876,pod-graph-bfs-q5s0miwn,,1.75,1.75
2023-03-25 15:21:52.607282,pod-graph-bfs-9c62wgg2,,1.258,1.258
2023-03-25 15:21:52.607282,pod-graph-bfs-q5s0miwn,,1.75,1.75
2023-03-25 15:21:55.677552,pod-graph-bfs-9c62wgg2,,1.242,1.242
2023-03-25 15:21:55.677552,pod-graph-bfs-q5s0miwn,,1.642,1.642
2023-03-25 15:21:58.74536,pod-graph-bfs-9c62wgg2,,1.242,1.242
2023-03-25 15:21:58.74536,pod-graph-bfs-q5s0miwn,,1.642,1.642
2023-03-25 15:22:01.811289,pod-graph-bfs-12zicapy,,1.374,1.374
2023-03-25 15:22:04.914262,pod-graph-bfs-12zicapy,,1.374,1.374
2023-03-25 15:22:07.982948,pod-graph-bfs-12zicapy,,1.374,1.374
2023-03-25 15:22:11.051905,pod-graph-bfs-12zicapy,,1.374,1.374
2023-03-25 15:22:14.121465,pod-graph-bfs-12zicapy,,1.358,1.358
2023-03-25 15:22:17.193393,pod-graph-bfs-12zicapy,,1.358,1.358
2023-03-25 15:22:20.263541,pod-graph-bfs-12zicapy,,1.347,1.347
2023-03-25 15:22:23.33163,pod-graph-bfs-12zicapy,,1.347,1.347
2023-03-25 15:22:26.402052,pod-graph-bfs-12zicapy,,1.336,1.336
2023-03-25 15:22:29.471286,pod-graph-bfs-12zicapy,,1.325,1.325
2023-03-25 15:22:01.811289,pod-graph-bfs-9c62wgg2,,1.218,1.218
2023-03-25 15:22:01.811289,pod-graph-bfs-q5s0miwn,,1.634,1.634
2023-03-25 15:22:04.914262,pod-graph-bfs-9c62wgg2,,1.218,1.218
2023-03-25 15:22:04.914262,pod-graph-bfs-q5s0miwn,,1.634,1.634
2023-03-25 15:22:07.982948,pod-graph-bfs-9c62wgg2,,1.197,1.197
2023-03-25 15:22:07.982948,pod-graph-bfs-q5s0miwn,,1.628,1.628
2023-03-25 15:22:11.051905,pod-graph-bfs-9c62wgg2,,1.197,1.197
2023-03-25 15:22:11.051905,pod-graph-bfs-q5s0miwn,,1.628,1.628
2023-03-25 15:22:14.121465,pod-graph-bfs-9c62wgg2,,1.176,1.176
2023-03-25 15:22:14.121465,pod-graph-bfs-q5s0miwn,,1.622,1.622
2023-03-25 15:22:17.193393,pod-graph-bfs-9c62wgg2,,1.176,1.176
2023-03-25 15:22:17.193393,pod-graph-bfs-q5s0miwn,,1.622,1.622
2023-03-25 15:22:20.263541,pod-graph-bfs-9c62wgg2,,1.155,1.155
2023-03-25 15:22:20.263541,pod-graph-bfs-q5s0miwn,,1.616,1.616
2023-03-25 15:22:23.33163,pod-graph-bfs-9c62wgg2,,1.155,1.155
2023-03-25 15:22:23.33163,pod-graph-bfs-q5s0miwn,,1.616,1.616
2023-03-25 15:22:26.402052,pod-graph-bfs-9c62wgg2,,1.142,1.142
2023-03-25 15:22:26.402052,pod-graph-bfs-q5s0miwn,,1.603,1.603
2023-03-25 15:22:29.471286,pod-graph-bfs-9c62wgg2,,1.134,1.134
2023-03-25 15:22:29.471286,pod-graph-bfs-q5s0miwn,,1.592,1.592
2023-03-25 15:22:32.541152,pod-graph-bfs-12zicapy,,1.325,1.325
2023-03-25 15:22:35.652456,pod-graph-bfs-12zicapy,,1.306,1.306
2023-03-25 15:22:38.724104,pod-graph-bfs-12zicapy,,1.306,1.306
2023-03-25 15:22:41.795208,pod-graph-bfs-12zicapy,,1.313,1.313
2023-03-25 15:22:44.863024,pod-graph-bfs-12zicapy,,1.313,1.313
2023-03-25 15:22:47.931645,pod-graph-bfs-12zicapy,,1.313,1.313
2023-03-25 15:22:51.00167,pod-graph-bfs-12zicapy,,1.313,1.313
2023-03-25 15:22:54.070914,pod-graph-bfs-12zicapy,,1.313,1.313
2023-03-25 15:22:57.139553,pod-graph-bfs-12zicapy,,1.313,1.313
2023-03-25 15:22:32.541152,pod-graph-bfs-9c62wgg2,,1.134,1.134
2023-03-25 15:22:32.541152,pod-graph-bfs-q5s0miwn,,1.592,1.592
2023-03-25 15:22:35.652456,pod-graph-bfs-9c62wgg2,,1.123,1.123
2023-03-25 15:22:35.652456,pod-graph-bfs-q5s0miwn,,1.604,1.604
2023-03-25 15:22:38.724104,pod-graph-bfs-9c62wgg2,,1.123,1.123
2023-03-25 15:22:38.724104,pod-graph-bfs-q5s0miwn,,1.604,1.604
2023-03-25 15:22:41.795208,pod-graph-bfs-9c62wgg2,,1.104,1.104
2023-03-25 15:22:41.795208,pod-graph-bfs-q5s0miwn,,1.623,1.623
2023-03-25 15:22:44.863024,pod-graph-bfs-9c62wgg2,,1.104,1.104
2023-03-25 15:22:44.863024,pod-graph-bfs-q5s0miwn,,1.623,1.623
2023-03-25 15:22:47.931645,pod-graph-bfs-9c62wgg2,,1.088,1.088
2023-03-25 15:22:47.931645,pod-graph-bfs-q5s0miwn,,1.644,1.644
2023-03-25 15:22:51.00167,pod-graph-bfs-9c62wgg2,,1.088,1.088
2023-03-25 15:22:51.00167,pod-graph-bfs-q5s0miwn,,1.644,1.644
2023-03-25 15:22:54.070914,pod-graph-bfs-9c62wgg2,,1.072,1.072
2023-03-25 15:22:54.070914,pod-graph-bfs-q5s0miwn,,1.663,1.663
2023-03-25 15:22:57.139553,pod-graph-bfs-9c62wgg2,,1.072,1.072
2023-03-25 15:22:57.139553,pod-graph-bfs-q5s0miwn,,1.663,1.663
2023-03-25 15:23:00.209378,pod-graph-bfs-12zicapy,,1.305,1.305
2023-03-25 15:23:03.31249,pod-graph-bfs-12zicapy,,1.305,1.305
2023-03-25 15:23:06.38119,pod-graph-bfs-12zicapy,,1.299,1.299
2023-03-25 15:23:09.449709,pod-graph-bfs-12zicapy,,1.299,1.299
2023-03-25 15:23:12.519082,pod-graph-bfs-12zicapy,,1.293,1.293
2023-03-25 15:23:15.586688,pod-graph-bfs-12zicapy,,1.293,1.293
2023-03-25 15:23:18.659276,pod-graph-bfs-12zicapy,,1.287,1.287
2023-03-25 15:23:21.735368,pod-graph-bfs-12zicapy,,1.287,1.287
2023-03-25 15:23:24.807023,pod-graph-bfs-12zicapy,,1.289,1.289
2023-03-25 15:23:27.992015,pod-graph-bfs-12zicapy,,1.289,1.289
2023-03-25 15:23:00.209378,pod-graph-bfs-9c62wgg2,,1.048,1.048
2023-03-25 15:23:00.209378,pod-graph-bfs-q5s0miwn,,1.682,1.682
2023-03-25 15:23:03.31249,pod-graph-bfs-9c62wgg2,,1.048,1.048
2023-03-25 15:23:03.31249,pod-graph-bfs-q5s0miwn,,1.682,1.682
2023-03-25 15:23:06.38119,pod-graph-bfs-9c62wgg2,,1.027,1.027
2023-03-25 15:23:06.38119,pod-graph-bfs-q5s0miwn,,1.701,1.701
2023-03-25 15:23:09.449709,pod-graph-bfs-9c62wgg2,,1.027,1.027
2023-03-25 15:23:09.449709,pod-graph-bfs-q5s0miwn,,1.701,1.701
2023-03-25 15:23:12.519082,pod-graph-bfs-9c62wgg2,,1.006,1.006
2023-03-25 15:23:12.519082,pod-graph-bfs-q5s0miwn,,1.713,1.713
2023-03-25 15:23:15.586688,pod-graph-bfs-9c62wgg2,,1.006,1.006
2023-03-25 15:23:15.586688,pod-graph-bfs-q5s0miwn,,1.713,1.713
2023-03-25 15:23:18.659276,pod-graph-bfs-9c62wgg2,,0.985,0.985
2023-03-25 15:23:18.659276,pod-graph-bfs-q5s0miwn,,1.713,1.713
2023-03-25 15:23:21.735368,pod-graph-bfs-9c62wgg2,,0.985,0.985
2023-03-25 15:23:21.735368,pod-graph-bfs-q5s0miwn,,1.713,1.713
2023-03-25 15:23:24.807023,pod-graph-bfs-9c62wgg2,,0.964,0.964
2023-03-25 15:23:24.807023,pod-graph-bfs-q5s0miwn,,1.702,1.702
2023-03-25 15:23:27.992015,pod-graph-bfs-9c62wgg2,,0.964,0.964
2023-03-25 15:23:27.992015,pod-graph-bfs-q5s0miwn,,1.702,1.702
2023-03-25 15:23:31.060772,pod-graph-bfs-12zicapy,,1.289,1.289
2023-03-25 15:23:34.155281,pod-graph-bfs-12zicapy,,1.289,1.289
2023-03-25 15:23:37.227922,pod-graph-bfs-12zicapy,,1.289,1.289
2023-03-25 15:23:40.298179,pod-graph-bfs-12zicapy,,1.289,1.289
2023-03-25 15:23:43.368698,pod-graph-bfs-12zicapy,,1.289,1.289
2023-03-25 15:23:46.438006,pod-graph-bfs-12zicapy,,1.289,1.289
2023-03-25 15:23:49.503116,pod-graph-bfs-12zicapy,,1.289,1.289
2023-03-25 15:23:52.565988,pod-graph-bfs-12zicapy,,1.289,1.289
2023-03-25 15:23:55.630476,pod-graph-bfs-12zicapy,,1.289,1.289
2023-03-25 15:23:58.693351,pod-graph-bfs-12zicapy,,1.289,1.289
2023-03-25 15:23:31.060772,pod-graph-bfs-9c62wgg2,,0.943,0.943
2023-03-25 15:23:31.060772,pod-graph-bfs-q5s0miwn,,1.673,1.673
2023-03-25 15:23:34.155281,pod-graph-bfs-9c62wgg2,,0.943,0.943
2023-03-25 15:23:34.155281,pod-graph-bfs-q5s0miwn,,1.673,1.673
2023-03-25 15:23:37.227922,pod-graph-bfs-9c62wgg2,,0.922,0.922
2023-03-25 15:23:37.227922,pod-graph-bfs-q5s0miwn,,1.643,1.643
2023-03-25 15:23:40.298179,pod-graph-bfs-9c62wgg2,,0.922,0.922
2023-03-25 15:23:40.298179,pod-graph-bfs-q5s0miwn,,1.643,1.643
2023-03-25 15:23:43.368698,pod-graph-bfs-9c62wgg2,,0.901,0.901
2023-03-25 15:23:43.368698,pod-graph-bfs-q5s0miwn,,1.616,1.616
2023-03-25 15:23:46.438006,pod-graph-bfs-9c62wgg2,,0.901,0.901
2023-03-25 15:23:46.438006,pod-graph-bfs-q5s0miwn,,1.616,1.616
2023-03-25 15:23:49.503116,pod-graph-bfs-q5s0miwn,,1.597,1.597
2023-03-25 15:23:52.565988,pod-graph-bfs-q5s0miwn,,1.597,1.597
2023-03-25 15:23:55.630476,pod-graph-bfs-q5s0miwn,,1.576,1.576
2023-03-25 15:23:58.693351,pod-graph-bfs-q5s0miwn,,1.576,1.576
2023-03-25 15:24:01.754589,pod-graph-bfs-12zicapy,,1.289,1.289
2023-03-25 15:24:04.846435,pod-graph-bfs-12zicapy,,1.289,1.289
2023-03-25 15:24:07.903297,pod-graph-bfs-12zicapy,,1.289,1.289
2023-03-25 15:24:10.967616,pod-graph-bfs-12zicapy,,1.289,1.289
2023-03-25 15:24:14.028031,pod-graph-bfs-12zicapy,,1.296,1.296
2023-03-25 15:24:17.085499,pod-graph-bfs-12zicapy,,1.296,1.296
2023-03-25 15:24:20.143282,pod-graph-bfs-12zicapy,,1.3,1.3
2023-03-25 15:24:23.203272,pod-graph-bfs-12zicapy,,1.3,1.3
2023-03-25 15:24:26.262071,pod-graph-bfs-12zicapy,,1.312,1.312
2023-03-25 15:24:29.324294,pod-graph-bfs-12zicapy,,1.312,1.312
2023-03-25 15:24:01.754589,pod-graph-bfs-q5s0miwn,,1.555,1.555
2023-03-25 15:24:04.846435,pod-graph-bfs-q5s0miwn,,1.555,1.555
2023-03-25 15:24:07.903297,pod-graph-bfs-q5s0miwn,,1.534,1.534
2023-03-25 15:24:10.967616,pod-graph-bfs-q5s0miwn,,1.534,1.534
2023-03-25 15:24:14.028031,pod-graph-bfs-q5s0miwn,,1.544,1.544
2023-03-25 15:24:17.085499,pod-graph-bfs-q5s0miwn,,1.544,1.544
2023-03-25 15:24:20.143282,pod-graph-bfs-q5s0miwn,,1.544,1.544
2023-03-25 15:24:23.203272,pod-graph-bfs-q5s0miwn,,1.544,1.544
2023-03-25 15:24:26.262071,pod-graph-bfs-q5s0miwn,,1.536,1.536
2023-03-25 15:24:29.324294,pod-graph-bfs-q5s0miwn,,1.536,1.536
2023-03-25 15:24:32.38384,pod-graph-bfs-12zicapy,,1.321,1.321
2023-03-25 15:24:35.475289,pod-graph-bfs-12zicapy,,1.33,1.33
2023-03-25 15:24:38.538673,pod-graph-bfs-12zicapy,,1.33,1.33
2023-03-25 15:24:41.598465,pod-graph-bfs-12zicapy,,1.325,1.325
2023-03-25 15:24:44.660085,pod-graph-bfs-12zicapy,,1.325,1.325
2023-03-25 15:24:47.721988,pod-graph-bfs-12zicapy,,1.325,1.325
2023-03-25 15:24:50.784708,pod-graph-bfs-12zicapy,,1.325,1.325
2023-03-25 15:24:53.843724,pod-graph-bfs-12zicapy,,1.325,1.325
2023-03-25 15:24:56.904084,pod-graph-bfs-12zicapy,,1.325,1.325
2023-03-25 15:24:59.962656,pod-graph-bfs-12zicapy,,1.325,1.325
2023-03-25 15:24:32.38384,pod-graph-bfs-q5s0miwn,,1.53,1.53
2023-03-25 15:24:35.475289,pod-graph-bfs-q5s0miwn,,1.524,1.524
2023-03-25 15:24:38.538673,pod-graph-bfs-q5s0miwn,,1.524,1.524
2023-03-25 15:24:41.598465,pod-graph-bfs-q5s0miwn,,1.503,1.503
2023-03-25 15:24:44.660085,pod-graph-bfs-q5s0miwn,,1.503,1.503
2023-03-25 15:24:47.721988,pod-graph-bfs-q5s0miwn,,1.487,1.487
2023-03-25 15:24:50.784708,pod-graph-bfs-q5s0miwn,,1.487,1.487
2023-03-25 15:24:53.843724,pod-graph-bfs-q5s0miwn,,1.479,1.479
2023-03-25 15:24:56.904084,pod-graph-bfs-q5s0miwn,,1.479,1.479
2023-03-25 15:24:59.962656,pod-graph-bfs-q5s0miwn,,1.484,1.484
2023-03-25 15:25:03.022372,pod-graph-bfs-12zicapy,,1.325,1.325
2023-03-25 15:25:06.116277,pod-graph-bfs-12zicapy,,1.325,1.325
2023-03-25 15:25:09.176227,pod-graph-bfs-12zicapy,,1.325,1.325
2023-03-25 15:25:12.23846,pod-graph-bfs-12zicapy,,1.317,1.317
2023-03-25 15:25:15.297291,pod-graph-bfs-12zicapy,,1.317,1.317
2023-03-25 15:25:18.356253,pod-graph-bfs-12zicapy,,1.375,1.375
2023-03-25 15:25:21.415969,pod-graph-bfs-12zicapy,,1.375,1.375
2023-03-25 15:25:24.475293,pod-graph-bfs-12zicapy,,1.405,1.405
2023-03-25 15:25:27.535338,pod-graph-bfs-12zicapy,,1.405,1.405
2023-03-25 15:25:03.022372,pod-graph-bfs-q5s0miwn,,1.484,1.484
2023-03-25 15:25:06.116277,pod-graph-bfs-q5s0miwn,,1.476,1.476
2023-03-25 15:25:09.176227,pod-graph-bfs-q5s0miwn,,1.476,1.476
2023-03-25 15:25:12.23846,pod-graph-bfs-q5s0miwn,,1.463,1.463
2023-03-25 15:25:15.297291,pod-graph-bfs-q5s0miwn,,1.463,1.463
2023-03-25 15:25:18.356253,pod-graph-bfs-q5s0miwn,,1.46,1.46
2023-03-25 15:25:21.415969,pod-graph-bfs-q5s0miwn,,1.46,1.46
2023-03-25 15:25:24.475293,pod-graph-bfs-q5s0miwn,,1.454,1.454
2023-03-25 15:25:27.535338,pod-graph-bfs-q5s0miwn,,1.454,1.454
2023-03-25 15:25:30.596019,pod-graph-bfs-12zicapy,,1.431,1.431
2023-03-25 15:25:33.694989,pod-graph-bfs-12zicapy,,1.431,1.431
2023-03-25 15:25:36.755799,pod-graph-bfs-12zicapy,,1.452,1.452
2023-03-25 15:25:39.811283,pod-graph-bfs-12zicapy,,1.452,1.452
2023-03-25 15:25:42.87213,pod-graph-bfs-12zicapy,,1.468,1.468
2023-03-25 15:25:45.932626,pod-graph-bfs-12zicapy,,1.468,1.468
2023-03-25 15:25:48.991286,pod-graph-bfs-12zicapy,,1.443,1.443
2023-03-25 15:25:52.054653,pod-graph-bfs-12zicapy,,1.443,1.443
2023-03-25 15:25:55.116361,pod-graph-bfs-12zicapy,,1.448,1.448
2023-03-25 15:25:58.178672,pod-graph-bfs-12zicapy,,1.448,1.448
2023-03-25 15:25:30.596019,pod-graph-bfs-q5s0miwn,,1.433,1.433
2023-03-25 15:25:33.694989,pod-graph-bfs-q5s0miwn,,1.433,1.433
2023-03-25 15:25:36.755799,pod-graph-bfs-q5s0miwn,,1.425,1.425
2023-03-25 15:25:39.811283,pod-graph-bfs-q5s0miwn,,1.425,1.425
2023-03-25 15:25:42.87213,pod-graph-bfs-q5s0miwn,,1.437,1.437
2023-03-25 15:25:45.932626,pod-graph-bfs-q5s0miwn,,1.437,1.437
2023-03-25 15:25:48.991286,pod-graph-bfs-q5s0miwn,,1.441,1.441
2023-03-25 15:25:52.054653,pod-graph-bfs-q5s0miwn,,1.441,1.441
2023-03-25 15:25:55.116361,pod-graph-bfs-q5s0miwn,,1.453,1.453
2023-03-25 15:25:58.178672,pod-graph-bfs-q5s0miwn,,1.453,1.453
2023-03-25 15:25:58.178672,pod-graph-bfs-jqd725m6,,1,1
2023-03-25 15:26:01.251375,pod-graph-bfs-12zicapy,,1.448,1.448
2023-03-25 15:26:04.36242,pod-graph-bfs-12zicapy,,1.448,1.448
2023-03-25 15:26:07.427543,pod-graph-bfs-12zicapy,,1.448,1.448
2023-03-25 15:26:10.492495,pod-graph-bfs-12zicapy,,1.448,1.448
2023-03-25 15:26:13.573358,pod-graph-bfs-12zicapy,,1.462,1.462
2023-03-25 15:26:16.643598,pod-graph-bfs-12zicapy,,1.462,1.462
2023-03-25 15:26:19.714537,pod-graph-bfs-12zicapy,,1.464,1.464
2023-03-25 15:26:22.784421,pod-graph-bfs-12zicapy,,1.464,1.464
2023-03-25 15:26:25.85572,pod-graph-bfs-12zicapy,,1.468,1.468
2023-03-25 15:26:28.926232,pod-graph-bfs-12zicapy,,1.468,1.468
2023-03-25 15:26:01.251375,pod-graph-bfs-jqd725m6,,0.25,0.25
2023-03-25 15:26:04.36242,pod-graph-bfs-jqd725m6,,0.25,0.25
2023-03-25 15:26:07.427543,pod-graph-bfs-jqd725m6,,0.375,0.375
2023-03-25 15:26:10.492495,pod-graph-bfs-jqd725m6,,0.375,0.375
2023-03-25 15:26:13.573358,pod-graph-bfs-jqd725m6,,0.562,0.562
2023-03-25 15:26:16.643598,pod-graph-bfs-jqd725m6,,0.562,0.562
2023-03-25 15:26:19.714537,pod-graph-bfs-jqd725m6,,0.843,0.843
2023-03-25 15:26:22.784421,pod-graph-bfs-jqd725m6,,0.843,0.843
2023-03-25 15:26:25.85572,pod-graph-bfs-jqd725m6,,1.149,1.149
2023-03-25 15:26:28.926232,pod-graph-bfs-jqd725m6,,1.149,1.149
2023-03-25 15:26:01.251375,pod-graph-bfs-q5s0miwn,,1.462,1.462
2023-03-25 15:26:04.36242,pod-graph-bfs-q5s0miwn,,1.462,1.462
2023-03-25 15:26:07.427543,pod-graph-bfs-q5s0miwn,,1.464,1.464
2023-03-25 15:26:10.492495,pod-graph-bfs-q5s0miwn,,1.464,1.464
2023-03-25 15:26:13.573358,pod-graph-bfs-q5s0miwn,,1.461,1.461
2023-03-25 15:26:16.643598,pod-graph-bfs-q5s0miwn,,1.461,1.461
2023-03-25 15:26:19.714537,pod-graph-bfs-q5s0miwn,,1.453,1.453
2023-03-25 15:26:22.784421,pod-graph-bfs-q5s0miwn,,1.453,1.453
2023-03-25 15:26:25.85572,pod-graph-bfs-q5s0miwn,,1.44,1.44
2023-03-25 15:26:28.926232,pod-graph-bfs-q5s0miwn,,1.44,1.44
2023-03-25 15:26:31.997736,pod-graph-bfs-12zicapy,,1.472,1.472
2023-03-25 15:26:35.227859,pod-graph-bfs-12zicapy,,1.472,1.472
2023-03-25 15:26:38.29928,pod-graph-bfs-12zicapy,,1.476,1.476
2023-03-25 15:26:41.370316,pod-graph-bfs-12zicapy,,1.465,1.465
2023-03-25 15:26:44.445084,pod-graph-bfs-12zicapy,,1.465,1.465
2023-03-25 15:26:47.515283,pod-graph-bfs-12zicapy,,1.459,1.459
2023-03-25 15:26:50.58513,pod-graph-bfs-12zicapy,,1.459,1.459
2023-03-25 15:26:53.656099,pod-graph-bfs-12zicapy,,1.453,1.453
2023-03-25 15:26:56.730644,pod-graph-bfs-12zicapy,,1.453,1.453
2023-03-25 15:26:59.797766,pod-graph-bfs-12zicapy,,1.447,1.447
2023-03-25 15:26:31.997736,pod-graph-bfs-jqd725m6,,1.428,1.428
2023-03-25 15:26:35.227859,pod-graph-bfs-jqd725m6,,1.428,1.428
2023-03-25 15:26:38.29928,pod-graph-bfs-jqd725m6,,1.677,1.677
2023-03-25 15:26:41.370316,pod-graph-bfs-jqd725m6,,1.863,1.863
2023-03-25 15:26:44.445084,pod-graph-bfs-jqd725m6,,1.863,1.863
2023-03-25 15:26:47.515283,pod-graph-bfs-jqd725m6,,1.764,1.764
2023-03-25 15:26:50.58513,pod-graph-bfs-jqd725m6,,1.764,1.764
2023-03-25 15:26:53.656099,pod-graph-bfs-jqd725m6,,1.761,1.761
2023-03-25 15:26:56.730644,pod-graph-bfs-jqd725m6,,1.761,1.761
2023-03-25 15:26:59.797766,pod-graph-bfs-jqd725m6,,1.768,1.768
2023-03-25 15:26:31.997736,pod-graph-bfs-q5s0miwn,,1.429,1.429
2023-03-25 15:26:35.227859,pod-graph-bfs-q5s0miwn,,1.429,1.429
2023-03-25 15:26:38.29928,pod-graph-bfs-q5s0miwn,,1.418,1.418
2023-03-25 15:26:41.370316,pod-graph-bfs-q5s0miwn,,1.444,1.444
2023-03-25 15:26:44.445084,pod-graph-bfs-q5s0miwn,,1.444,1.444
2023-03-25 15:26:47.515283,pod-graph-bfs-q5s0miwn,,1.465,1.465
2023-03-25 15:26:50.58513,pod-graph-bfs-q5s0miwn,,1.465,1.465
2023-03-25 15:26:53.656099,pod-graph-bfs-q5s0miwn,,1.491,1.491
2023-03-25 15:26:56.730644,pod-graph-bfs-q5s0miwn,,1.491,1.491
2023-03-25 15:26:59.797766,pod-graph-bfs-q5s0miwn,,1.521,1.521
2023-03-25 15:27:02.869056,pod-graph-bfs-12zicapy,,1.447,1.447
2023-03-25 15:27:05.995606,pod-graph-bfs-12zicapy,,1.434,1.434
2023-03-25 15:27:09.066521,pod-graph-bfs-12zicapy,,1.434,1.434
2023-03-25 15:27:12.139663,pod-graph-bfs-12zicapy,,1.431,1.431
2023-03-25 15:27:15.212065,pod-graph-bfs-12zicapy,,1.431,1.431
2023-03-25 15:27:18.281867,pod-graph-bfs-12zicapy,,1.418,1.418
2023-03-25 15:27:21.352044,pod-graph-bfs-12zicapy,,1.418,1.418
2023-03-25 15:27:24.422629,pod-graph-bfs-12zicapy,,1.407,1.407
2023-03-25 15:27:27.493289,pod-graph-bfs-12zicapy,,1.407,1.407
2023-03-25 15:27:02.869056,pod-graph-bfs-jqd725m6,,1.768,1.768
2023-03-25 15:27:05.995606,pod-graph-bfs-jqd725m6,,1.765,1.765
2023-03-25 15:27:09.066521,pod-graph-bfs-jqd725m6,,1.765,1.765
2023-03-25 15:27:12.139663,pod-graph-bfs-jqd725m6,,1.779,1.779
2023-03-25 15:27:15.212065,pod-graph-bfs-jqd725m6,,1.779,1.779
2023-03-25 15:27:18.281867,pod-graph-bfs-jqd725m6,,1.788,1.788
2023-03-25 15:27:21.352044,pod-graph-bfs-jqd725m6,,1.788,1.788
2023-03-25 15:27:24.422629,pod-graph-bfs-jqd725m6,,1.797,1.797
2023-03-25 15:27:27.493289,pod-graph-bfs-jqd725m6,,1.797,1.797
2023-03-25 15:27:02.869056,pod-graph-bfs-q5s0miwn,,1.521,1.521
2023-03-25 15:27:05.995606,pod-graph-bfs-q5s0miwn,,1.535,1.535
2023-03-25 15:27:09.066521,pod-graph-bfs-q5s0miwn,,1.535,1.535
2023-03-25 15:27:12.139663,pod-graph-bfs-q5s0miwn,,1.525,1.525
2023-03-25 15:27:15.212065,pod-graph-bfs-q5s0miwn,,1.525,1.525
2023-03-25 15:27:18.281867,pod-graph-bfs-q5s0miwn,,1.509,1.509
2023-03-25 15:27:21.352044,pod-graph-bfs-q5s0miwn,,1.509,1.509
2023-03-25 15:27:24.422629,pod-graph-bfs-q5s0miwn,,1.498,1.498
2023-03-25 15:27:27.493289,pod-graph-bfs-q5s0miwn,,1.498,1.498
2023-03-25 15:27:30.563454,pod-graph-bfs-12zicapy,,1.396,1.396
2023-03-25 15:27:33.687609,pod-graph-bfs-12zicapy,,1.396,1.396
2023-03-25 15:27:36.759293,pod-graph-bfs-12zicapy,,1.385,1.385
2023-03-25 15:27:39.839286,pod-graph-bfs-12zicapy,,1.385,1.385
2023-03-25 15:27:42.912439,pod-graph-bfs-12zicapy,,1.374,1.374
2023-03-25 15:27:45.982718,pod-graph-bfs-12zicapy,,1.374,1.374
2023-03-25 15:27:49.05865,pod-graph-bfs-12zicapy,,1.363,1.363
2023-03-25 15:27:52.127298,pod-graph-bfs-12zicapy,,1.363,1.363
2023-03-25 15:27:55.199309,pod-graph-bfs-12zicapy,,1.352,1.352
2023-03-25 15:27:58.278544,pod-graph-bfs-12zicapy,,1.352,1.352
2023-03-25 15:27:30.563454,pod-graph-bfs-jqd725m6,,1.799,1.799
2023-03-25 15:27:33.687609,pod-graph-bfs-jqd725m6,,1.799,1.799
2023-03-25 15:27:36.759293,pod-graph-bfs-jqd725m6,,1.803,1.803
2023-03-25 15:27:39.839286,pod-graph-bfs-jqd725m6,,1.803,1.803
2023-03-25 15:27:42.912439,pod-graph-bfs-jqd725m6,,1.792,1.792
2023-03-25 15:27:45.982718,pod-graph-bfs-jqd725m6,,1.792,1.792
2023-03-25 15:27:49.05865,pod-graph-bfs-jqd725m6,,1.779,1.779
2023-03-25 15:27:52.127298,pod-graph-bfs-jqd725m6,,1.779,1.779
2023-03-25 15:27:55.199309,pod-graph-bfs-jqd725m6,,1.784,1.784
2023-03-25 15:27:58.278544,pod-graph-bfs-jqd725m6,,1.784,1.784
2023-03-25 15:27:30.563454,pod-graph-bfs-q5s0miwn,,1.479,1.479
2023-03-25 15:27:33.687609,pod-graph-bfs-q5s0miwn,,1.479,1.479
2023-03-25 15:27:36.759293,pod-graph-bfs-q5s0miwn,,1.479,1.479
2023-03-25 15:27:39.839286,pod-graph-bfs-q5s0miwn,,1.479,1.479
2023-03-25 15:27:42.912439,pod-graph-bfs-q5s0miwn,,1.481,1.481
2023-03-25 15:27:45.982718,pod-graph-bfs-q5s0miwn,,1.481,1.481
2023-03-25 15:27:49.05865,pod-graph-bfs-q5s0miwn,,1.481,1.481
2023-03-25 15:27:52.127298,pod-graph-bfs-q5s0miwn,,1.481,1.481
2023-03-25 15:27:55.199309,pod-graph-bfs-q5s0miwn,,1.495,1.495
2023-03-25 15:27:58.278544,pod-graph-bfs-q5s0miwn,,1.495,1.495
2023-03-25 15:28:01.348117,pod-graph-bfs-12zicapy,,1.341,1.341
2023-03-25 15:28:04.46641,pod-graph-bfs-12zicapy,,1.341,1.341
2023-03-25 15:28:07.537446,pod-graph-bfs-12zicapy,,1.33,1.33
2023-03-25 15:28:10.608641,pod-graph-bfs-12zicapy,,1.33,1.33
2023-03-25 15:28:13.678865,pod-graph-bfs-12zicapy,,1.319,1.319
2023-03-25 15:28:16.747942,pod-graph-bfs-12zicapy,,1.319,1.319
2023-03-25 15:28:01.348117,pod-graph-bfs-jqd725m6,,1.784,1.784
2023-03-25 15:28:04.46641,pod-graph-bfs-jqd725m6,,1.784,1.784
2023-03-25 15:28:07.537446,pod-graph-bfs-jqd725m6,,1.833,1.833
2023-03-25 15:28:10.608641,pod-graph-bfs-jqd725m6,,1.833,1.833
2023-03-25 15:28:13.678865,pod-graph-bfs-jqd725m6,,1.865,1.865
2023-03-25 15:28:16.747942,pod-graph-bfs-jqd725m6,,1.865,1.865
2023-03-25 15:28:19.814348,pod-graph-bfs-jqd725m6,,1.897,1.897
2023-03-25 15:28:22.887603,pod-graph-bfs-jqd725m6,,1.897,1.897
2023-03-25 15:28:25.955558,pod-graph-bfs-jqd725m6,,1.929,1.929
2023-03-25 15:28:29.016853,pod-graph-bfs-jqd725m6,,1.929,1.929
2023-03-25 15:28:01.348117,pod-graph-bfs-q5s0miwn,,1.504,1.504
2023-03-25 15:28:04.46641,pod-graph-bfs-q5s0miwn,,1.504,1.504
2023-03-25 15:28:07.537446,pod-graph-bfs-q5s0miwn,,1.534,1.534
2023-03-25 15:28:10.608641,pod-graph-bfs-q5s0miwn,,1.534,1.534
2023-03-25 15:28:13.678865,pod-graph-bfs-q5s0miwn,,1.571,1.571
2023-03-25 15:28:16.747942,pod-graph-bfs-q5s0miwn,,1.571,1.571
2023-03-25 15:28:19.814348,pod-graph-bfs-q5s0miwn,,1.597,1.597
2023-03-25 15:28:22.887603,pod-graph-bfs-q5s0miwn,,1.597,1.597
2023-03-25 15:28:25.955558,pod-graph-bfs-q5s0miwn,,1.625,1.625
2023-03-25 15:28:29.016853,pod-graph-bfs-q5s0miwn,,1.625,1.625
2023-03-25 15:28:32.077712,pod-graph-bfs-jqd725m6,,1.961,1.961
2023-03-25 15:28:35.186467,pod-graph-bfs-jqd725m6,,1.961,1.961
2023-03-25 15:28:38.247291,pod-graph-bfs-jqd725m6,,1.993,1.993
2023-03-25 15:28:41.306623,pod-graph-bfs-jqd725m6,,1.993,1.993
2023-03-25 15:28:44.366815,pod-graph-bfs-jqd725m6,,1.969,1.969
2023-03-25 15:28:47.427846,pod-graph-bfs-jqd725m6,,1.956,1.956
2023-03-25 15:28:50.491277,pod-graph-bfs-jqd725m6,,1.956,1.956
2023-03-25 15:28:53.554519,pod-graph-bfs-jqd725m6,,1.945,1.945
2023-03-25 15:28:56.61528,pod-graph-bfs-jqd725m6,,1.945,1.945
2023-03-25 15:28:59.675195,pod-graph-bfs-jqd725m6,,1.942,1.942
2023-03-25 15:28:32.077712,pod-graph-bfs-q5s0miwn,,1.653,1.653
2023-03-25 15:28:35.186467,pod-graph-bfs-q5s0miwn,,1.653,1.653
2023-03-25 15:28:38.247291,pod-graph-bfs-q5s0miwn,,1.681,1.681
2023-03-25 15:28:41.306623,pod-graph-bfs-q5s0miwn,,1.681,1.681
2023-03-25 15:28:44.366815,pod-graph-bfs-q5s0miwn,,1.674,1.674
2023-03-25 15:28:47.427846,pod-graph-bfs-q5s0miwn,,1.648,1.648
2023-03-25 15:28:50.491277,pod-graph-bfs-q5s0miwn,,1.648,1.648
2023-03-25 15:28:53.554519,pod-graph-bfs-q5s0miwn,,1.648,1.648
2023-03-25 15:28:56.61528,pod-graph-bfs-q5s0miwn,,1.648,1.648
2023-03-25 15:28:59.675195,pod-graph-bfs-q5s0miwn,,1.635,1.635
2023-03-25 15:29:02.739279,pod-graph-bfs-jqd725m6,,1.942,1.942
2023-03-25 15:29:05.846749,pod-graph-bfs-jqd725m6,,1.944,1.944
2023-03-25 15:29:08.909791,pod-graph-bfs-jqd725m6,,1.944,1.944
2023-03-25 15:29:11.971287,pod-graph-bfs-jqd725m6,,1.951,1.951
2023-03-25 15:29:15.0301,pod-graph-bfs-jqd725m6,,1.951,1.951
2023-03-25 15:29:18.091278,pod-graph-bfs-jqd725m6,,1.955,1.955
2023-03-25 15:29:21.151193,pod-graph-bfs-jqd725m6,,1.955,1.955
2023-03-25 15:29:24.209057,pod-graph-bfs-jqd725m6,,1.959,1.959
2023-03-25 15:29:27.269544,pod-graph-bfs-jqd725m6,,1.959,1.959
2023-03-25 15:29:02.739279,pod-graph-bfs-q5s0miwn,,1.635,1.635
2023-03-25 15:29:05.846749,pod-graph-bfs-q5s0miwn,,1.632,1.632
2023-03-25 15:29:08.909791,pod-graph-bfs-q5s0miwn,,1.632,1.632
2023-03-25 15:29:11.971287,pod-graph-bfs-q5s0miwn,,1.634,1.634
2023-03-25 15:29:15.0301,pod-graph-bfs-q5s0miwn,,1.634,1.634
2023-03-25 15:29:18.091278,pod-graph-bfs-q5s0miwn,,1.648,1.648
2023-03-25 15:29:21.151193,pod-graph-bfs-q5s0miwn,,1.648,1.648
2023-03-25 15:29:24.209057,pod-graph-bfs-q5s0miwn,,1.657,1.657
2023-03-25 15:29:27.269544,pod-graph-bfs-q5s0miwn,,1.657,1.657
2023-03-25 15:29:30.330502,pod-graph-bfs-jqd725m6,,1.963,1.963
2023-03-25 15:29:33.435269,pod-graph-bfs-jqd725m6,,1.963,1.963
2023-03-25 15:29:36.495638,pod-graph-bfs-jqd725m6,,1.967,1.967
2023-03-25 15:29:39.555602,pod-graph-bfs-jqd725m6,,1.967,1.967
2023-03-25 15:29:42.619256,pod-graph-bfs-jqd725m6,,1.964,1.964
2023-03-25 15:29:45.683679,pod-graph-bfs-jqd725m6,,1.964,1.964
2023-03-25 15:29:48.746224,pod-graph-bfs-jqd725m6,,1.964,1.964
2023-03-25 15:29:51.807049,pod-graph-bfs-jqd725m6,,1.964,1.964
2023-03-25 15:29:54.866629,pod-graph-bfs-jqd725m6,,1.971,1.971
2023-03-25 15:29:57.927927,pod-graph-bfs-jqd725m6,,1.971,1.971
2023-03-25 15:29:30.330502,pod-graph-bfs-q5s0miwn,,1.666,1.666
2023-03-25 15:29:33.435269,pod-graph-bfs-q5s0miwn,,1.666,1.666
2023-03-25 15:29:36.495638,pod-graph-bfs-q5s0miwn,,1.675,1.675
2023-03-25 15:29:39.555602,pod-graph-bfs-q5s0miwn,,1.675,1.675
2023-03-25 15:29:42.619256,pod-graph-bfs-q5s0miwn,,1.684,1.684
2023-03-25 15:29:45.683679,pod-graph-bfs-q5s0miwn,,1.684,1.684
2023-03-25 15:29:48.746224,pod-graph-bfs-q5s0miwn,,1.693,1.693
2023-03-25 15:29:51.807049,pod-graph-bfs-q5s0miwn,,1.693,1.693
2023-03-25 15:29:54.866629,pod-graph-bfs-q5s0miwn,,1.695,1.695
2023-03-25 15:29:57.927927,pod-graph-bfs-q5s0miwn,,1.695,1.695
2023-03-25 15:30:00.987279,pod-graph-bfs-jqd725m6,,1.983,1.983
2023-03-25 15:30:04.089395,pod-graph-bfs-jqd725m6,,1.983,1.983
2023-03-25 15:30:07.155434,pod-graph-bfs-jqd725m6,,1.999,1.999
2023-03-25 15:30:10.217129,pod-graph-bfs-jqd725m6,,1.999,1.999
2023-03-25 15:30:13.275283,pod-graph-bfs-jqd725m6,,2.027,2.027
2023-03-25 15:30:16.336046,pod-graph-bfs-jqd725m6,,2.027,2.027
2023-03-25 15:30:19.396355,pod-graph-bfs-jqd725m6,,2.043,2.043
2023-03-25 15:30:22.455276,pod-graph-bfs-jqd725m6,,2.043,2.043
2023-03-25 15:30:25.513171,pod-graph-bfs-jqd725m6,,2.055,2.055
2023-03-25 15:30:28.57238,pod-graph-bfs-jqd725m6,,2.055,2.055
2023-03-25 15:30:00.987279,pod-graph-bfs-q5s0miwn,,1.699,1.699
2023-03-25 15:30:04.089395,pod-graph-bfs-q5s0miwn,,1.699,1.699
2023-03-25 15:30:07.155434,pod-graph-bfs-q5s0miwn,,1.711,1.711
2023-03-25 15:30:10.217129,pod-graph-bfs-q5s0miwn,,1.711,1.711
2023-03-25 15:30:13.275283,pod-graph-bfs-q5s0miwn,,1.713,1.713
2023-03-25 15:30:16.336046,pod-graph-bfs-q5s0miwn,,1.713,1.713
2023-03-25 15:30:19.396355,pod-graph-bfs-q5s0miwn,,1.71,1.71
2023-03-25 15:30:22.455276,pod-graph-bfs-q5s0miwn,,1.71,1.71
2023-03-25 15:30:25.513171,pod-graph-bfs-q5s0miwn,,1.71,1.71
2023-03-25 15:30:28.57238,pod-graph-bfs-q5s0miwn,,1.71,1.71
2023-03-25 15:30:31.631333,pod-graph-bfs-jqd725m6,,2.062,2.062
2023-03-25 15:30:34.739805,pod-graph-bfs-jqd725m6,,2.062,2.062
2023-03-25 15:30:37.80073,pod-graph-bfs-jqd725m6,,2.064,2.064
2023-03-25 15:30:40.983553,pod-graph-bfs-jqd725m6,,2.064,2.064
2023-03-25 15:30:44.043546,pod-graph-bfs-jqd725m6,,2.053,2.053
2023-03-25 15:30:47.104178,pod-graph-bfs-jqd725m6,,2.053,2.053
2023-03-25 15:30:50.167284,pod-graph-bfs-jqd725m6,,2.047,2.047
2023-03-25 15:30:53.231284,pod-graph-bfs-jqd725m6,,2.047,2.047
2023-03-25 15:30:56.290476,pod-graph-bfs-jqd725m6,,2.034,2.034
2023-03-25 15:30:59.351614,pod-graph-bfs-jqd725m6,,2.034,2.034
2023-03-25 15:30:31.631333,pod-graph-bfs-q5s0miwn,,1.71,1.71
2023-03-25 15:30:34.739805,pod-graph-bfs-q5s0miwn,,1.71,1.71
2023-03-25 15:30:37.80073,pod-graph-bfs-q5s0miwn,,1.702,1.702
2023-03-25 15:30:40.983553,pod-graph-bfs-q5s0miwn,,1.702,1.702
2023-03-25 15:30:44.043546,pod-graph-bfs-q5s0miwn,,1.689,1.689
2023-03-25 15:30:47.104178,pod-graph-bfs-q5s0miwn,,1.689,1.689
2023-03-25 15:30:50.167284,pod-graph-bfs-q5s0miwn,,1.686,1.686
2023-03-25 15:30:53.231284,pod-graph-bfs-q5s0miwn,,1.686,1.686
2023-03-25 15:30:56.290476,pod-graph-bfs-q5s0miwn,,1.688,1.688
2023-03-25 15:30:59.351614,pod-graph-bfs-q5s0miwn,,1.688,1.688
2023-03-25 15:31:02.412702,pod-graph-bfs-jqd725m6,,2.015,2.015
2023-03-25 15:31:05.515291,pod-graph-bfs-jqd725m6,,2.022,2.022
2023-03-25 15:31:08.578461,pod-graph-bfs-jqd725m6,,2.022,2.022
2023-03-25 15:31:11.641886,pod-graph-bfs-jqd725m6,,2.014,2.014
2023-03-25 15:31:14.706009,pod-graph-bfs-jqd725m6,,2.014,2.014
2023-03-25 15:31:17.767308,pod-graph-bfs-jqd725m6,,2.008,2.008
2023-03-25 15:31:20.829843,pod-graph-bfs-jqd725m6,,2.008,2.008
2023-03-25 15:31:23.891284,pod-graph-bfs-jqd725m6,,2.017,2.017
2023-03-25 15:31:26.951812,pod-graph-bfs-jqd725m6,,2.017,2.017
2023-03-25 15:31:02.412702,pod-graph-bfs-q5s0miwn,,1.68,1.68
2023-03-25 15:31:05.515291,pod-graph-bfs-q5s0miwn,,1.674,1.674
2023-03-25 15:31:08.578461,pod-graph-bfs-q5s0miwn,,1.674,1.674
2023-03-25 15:31:11.641886,pod-graph-bfs-q5s0miwn,,1.683,1.683
2023-03-25 15:31:14.706009,pod-graph-bfs-q5s0miwn,,1.683,1.683
2023-03-25 15:31:17.767308,pod-graph-bfs-q5s0miwn,,1.687,1.687
2023-03-25 15:31:20.829843,pod-graph-bfs-q5s0miwn,,1.687,1.687
2023-03-25 15:31:23.891284,pod-graph-bfs-q5s0miwn,,1.684,1.684
2023-03-25 15:31:26.951812,pod-graph-bfs-q5s0miwn,,1.684,1.684
2023-03-25 15:31:30.014714,pod-graph-bfs-jqd725m6,,2.014,2.014
2023-03-25 15:31:33.117818,pod-graph-bfs-jqd725m6,,2.014,2.014
2023-03-25 15:31:36.182409,pod-graph-bfs-jqd725m6,,1.998,1.998
2023-03-25 15:31:39.244889,pod-graph-bfs-jqd725m6,,1.998,1.998
2023-03-25 15:31:42.306643,pod-graph-bfs-jqd725m6,,1.987,1.987
2023-03-25 15:31:45.367278,pod-graph-bfs-jqd725m6,,1.987,1.987
2023-03-25 15:31:48.427756,pod-graph-bfs-jqd725m6,,1.976,1.976
2023-03-25 15:31:51.48702,pod-graph-bfs-jqd725m6,,1.976,1.976
2023-03-25 15:31:54.547346,pod-graph-bfs-jqd725m6,,1.965,1.965
2023-03-25 15:31:57.60831,pod-graph-bfs-jqd725m6,,1.965,1.965
2023-03-25 15:31:30.014714,pod-graph-bfs-q5s0miwn,,1.691,1.691
2023-03-25 15:31:33.117818,pod-graph-bfs-q5s0miwn,,1.691,1.691
2023-03-25 15:31:36.182409,pod-graph-bfs-q5s0miwn,,1.688,1.688
2023-03-25 15:31:39.244889,pod-graph-bfs-q5s0miwn,,1.688,1.688
2023-03-25 15:31:42.306643,pod-graph-bfs-q5s0miwn,,1.68,1.68
2023-03-25 15:31:45.367278,pod-graph-bfs-q5s0miwn,,1.68,1.68
2023-03-25 15:31:48.427756,pod-graph-bfs-q5s0miwn,,1.667,1.667
2023-03-25 15:31:51.48702,pod-graph-bfs-q5s0miwn,,1.667,1.667
2023-03-25 15:31:54.547346,pod-graph-bfs-q5s0miwn,,1.648,1.648
2023-03-25 15:31:57.60831,pod-graph-bfs-q5s0miwn,,1.648,1.648
2023-03-25 15:32:00.669192,pod-graph-bfs-jqd725m6,,1.97,1.97
2023-03-25 15:32:03.770706,pod-graph-bfs-jqd725m6,,1.97,1.97
2023-03-25 15:32:06.833184,pod-graph-bfs-jqd725m6,,1.97,1.97
2023-03-25 15:32:09.896115,pod-graph-bfs-jqd725m6,,1.97,1.97
2023-03-25 15:32:12.955286,pod-graph-bfs-jqd725m6,,1.962,1.962
2023-03-25 15:32:16.018313,pod-graph-bfs-jqd725m6,,1.962,1.962
2023-03-25 15:32:19.07923,pod-graph-bfs-jqd725m6,,1.956,1.956
2023-03-25 15:32:22.14153,pod-graph-bfs-jqd725m6,,1.956,1.956
2023-03-25 15:32:25.203944,pod-graph-bfs-jqd725m6,,1.95,1.95
2023-03-25 15:32:28.267103,pod-graph-bfs-jqd725m6,,1.95,1.95
2023-03-25 15:32:00.669192,pod-graph-bfs-q5s0miwn,,1.632,1.632
2023-03-25 15:32:03.770706,pod-graph-bfs-q5s0miwn,,1.632,1.632
2023-03-25 15:32:06.833184,pod-graph-bfs-q5s0miwn,,1.616,1.616
2023-03-25 15:32:09.896115,pod-graph-bfs-q5s0miwn,,1.616,1.616
2023-03-25 15:32:12.955286,pod-graph-bfs-q5s0miwn,,1.592,1.592
2023-03-25 15:32:16.018313,pod-graph-bfs-q5s0miwn,,1.592,1.592
2023-03-25 15:32:19.07923,pod-graph-bfs-q5s0miwn,,1.571,1.571
2023-03-25 15:32:22.14153,pod-graph-bfs-q5s0miwn,,1.571,1.571
2023-03-25 15:32:25.203944,pod-graph-bfs-q5s0miwn,,1.558,1.558
2023-03-25 15:32:28.267103,pod-graph-bfs-q5s0miwn,,1.558,1.558
2023-03-25 15:32:31.326672,pod-graph-bfs-jqd725m6,,1.944,1.944
2023-03-25 15:32:34.43128,pod-graph-bfs-jqd725m6,,1.944,1.944
2023-03-25 15:32:37.49528,pod-graph-bfs-jqd725m6,,1.931,1.931
2023-03-25 15:32:40.560967,pod-graph-bfs-jqd725m6,,1.931,1.931
2023-03-25 15:32:43.623282,pod-graph-bfs-jqd725m6,,1.92,1.92
2023-03-25 15:32:46.694435,pod-graph-bfs-jqd725m6,,1.92,1.92
2023-03-25 15:32:49.75977,pod-graph-bfs-jqd725m6,,1.925,1.925
2023-03-25 15:32:52.830929,pod-graph-bfs-jqd725m6,,1.925,1.925
2023-03-25 15:32:55.896591,pod-graph-bfs-jqd725m6,,1.917,1.917
2023-03-25 15:32:58.967296,pod-graph-bfs-jqd725m6,,1.917,1.917
2023-03-25 15:32:31.326672,pod-graph-bfs-q5s0miwn,,1.573,1.573
2023-03-25 15:32:34.43128,pod-graph-bfs-q5s0miwn,,1.573,1.573
2023-03-25 15:32:37.49528,pod-graph-bfs-q5s0miwn,,1.577,1.577
2023-03-25 15:32:40.560967,pod-graph-bfs-q5s0miwn,,1.577,1.577
2023-03-25 15:32:43.623282,pod-graph-bfs-q5s0miwn,,1.589,1.589
2023-03-25 15:32:46.694435,pod-graph-bfs-q5s0miwn,,1.589,1.589
2023-03-25 15:32:49.75977,pod-graph-bfs-q5s0miwn,,1.605,1.605
2023-03-25 15:32:52.830929,pod-graph-bfs-q5s0miwn,,1.605,1.605
2023-03-25 15:32:55.896591,pod-graph-bfs-q5s0miwn,,1.64,1.64
2023-03-25 15:32:58.967296,pod-graph-bfs-q5s0miwn,,1.64,1.64
2023-03-25 15:33:02.032034,pod-graph-bfs-jqd725m6,,1.896,1.896
2023-03-25 15:33:05.142533,pod-graph-bfs-jqd725m6,,1.896,1.896
2023-03-25 15:33:08.221301,pod-graph-bfs-jqd725m6,,1.888,1.888
2023-03-25 15:33:11.290471,pod-graph-bfs-jqd725m6,,1.888,1.888
2023-03-25 15:33:14.360492,pod-graph-bfs-jqd725m6,,1.877,1.877
2023-03-25 15:33:17.439281,pod-graph-bfs-jqd725m6,,1.866,1.866
2023-03-25 15:33:20.504928,pod-graph-bfs-jqd725m6,,1.866,1.866
2023-03-25 15:33:23.569901,pod-graph-bfs-jqd725m6,,1.855,1.855
2023-03-25 15:33:26.635359,pod-graph-bfs-jqd725m6,,1.855,1.855
2023-03-25 15:33:29.698966,pod-graph-bfs-jqd725m6,,1.844,1.844
2023-03-25 15:33:02.032034,pod-graph-bfs-q5s0miwn,,1.654,1.654
2023-03-25 15:33:05.142533,pod-graph-bfs-q5s0miwn,,1.654,1.654
2023-03-25 15:33:08.221301,pod-graph-bfs-q5s0miwn,,1.666,1.666
2023-03-25 15:33:11.290471,pod-graph-bfs-q5s0miwn,,1.666,1.666
2023-03-25 15:33:14.360492,pod-graph-bfs-q5s0miwn,,1.68,1.68
2023-03-25 15:33:17.439281,pod-graph-bfs-q5s0miwn,,1.694,1.694
2023-03-25 15:33:20.504928,pod-graph-bfs-q5s0miwn,,1.694,1.694
2023-03-25 15:33:23.569901,pod-graph-bfs-q5s0miwn,,1.708,1.708
2023-03-25 15:33:26.635359,pod-graph-bfs-q5s0miwn,,1.708,1.708
2023-03-25 15:33:29.698966,pod-graph-bfs-q5s0miwn,,1.722,1.722
2023-03-25 15:33:14.360492,pod-graph-bfs-0g7ujmxb,,1,1
2023-03-25 15:33:32.767472,pod-graph-bfs-jqd725m6,,1.844,1.844
2023-03-25 15:33:35.873323,pod-graph-bfs-jqd725m6,,1.817,1.817
2023-03-25 15:33:38.945755,pod-graph-bfs-jqd725m6,,1.817,1.817
2023-03-25 15:33:42.015038,pod-graph-bfs-jqd725m6,,1.796,1.796
2023-03-25 15:33:45.080244,pod-graph-bfs-jqd725m6,,1.796,1.796
2023-03-25 15:33:48.143283,pod-graph-bfs-jqd725m6,,1.783,1.783
2023-03-25 15:33:51.209252,pod-graph-bfs-jqd725m6,,1.783,1.783
2023-03-25 15:33:54.274792,pod-graph-bfs-jqd725m6,,1.759,1.759
2023-03-25 15:33:57.338225,pod-graph-bfs-jqd725m6,,1.759,1.759
2023-03-25 15:33:32.767472,pod-graph-bfs-q5s0miwn,,1.722,1.722
2023-03-25 15:33:35.873323,pod-graph-bfs-q5s0miwn,,1.722,1.722
2023-03-25 15:33:38.945755,pod-graph-bfs-q5s0miwn,,1.722,1.722
2023-03-25 15:33:42.015038,pod-graph-bfs-q5s0miwn,,1.734,1.734
2023-03-25 15:33:45.080244,pod-graph-bfs-q5s0miwn,,1.734,1.734
2023-03-25 15:33:48.143283,pod-graph-bfs-q5s0miwn,,1.736,1.736
2023-03-25 15:33:51.209252,pod-graph-bfs-q5s0miwn,,1.736,1.736
2023-03-25 15:33:54.274792,pod-graph-bfs-q5s0miwn,,1.74,1.74
2023-03-25 15:33:57.338225,pod-graph-bfs-q5s0miwn,,1.74,1.74
2023-03-25 15:34:00.521782,pod-graph-bfs-jqd725m6,,1.721,1.721
2023-03-25 15:34:03.641635,pod-graph-bfs-jqd725m6,,1.721,1.721
2023-03-25 15:34:06.705477,pod-graph-bfs-jqd725m6,,1.697,1.697
2023-03-25 15:34:09.770811,pod-graph-bfs-jqd725m6,,1.697,1.697
2023-03-25 15:34:12.834548,pod-graph-bfs-jqd725m6,,1.67,1.67
2023-03-25 15:34:15.896205,pod-graph-bfs-jqd725m6,,1.67,1.67
2023-03-25 15:34:18.963587,pod-graph-bfs-jqd725m6,,1.635,1.635
2023-03-25 15:34:22.025816,pod-graph-bfs-jqd725m6,,1.635,1.635
2023-03-25 15:34:25.087637,pod-graph-bfs-jqd725m6,,1.603,1.603
2023-03-25 15:34:28.147394,pod-graph-bfs-jqd725m6,,1.603,1.603
2023-03-25 15:34:00.521782,pod-graph-bfs-q5s0miwn,,1.752,1.752
2023-03-25 15:34:03.641635,pod-graph-bfs-q5s0miwn,,1.752,1.752
2023-03-25 15:34:06.705477,pod-graph-bfs-q5s0miwn,,1.768,1.768
2023-03-25 15:34:09.770811,pod-graph-bfs-q5s0miwn,,1.768,1.768
2023-03-25 15:34:12.834548,pod-graph-bfs-q5s0miwn,,1.775,1.775
2023-03-25 15:34:15.896205,pod-graph-bfs-q5s0miwn,,1.775,1.775
2023-03-25 15:34:18.963587,pod-graph-bfs-q5s0miwn,,1.784,1.784
2023-03-25 15:34:22.025816,pod-graph-bfs-q5s0miwn,,1.784,1.784
2023-03-25 15:34:25.087637,pod-graph-bfs-q5s0miwn,,1.786,1.786
2023-03-25 15:34:28.147394,pod-graph-bfs-q5s0miwn,,1.786,1.786
2023-03-25 15:34:31.209026,pod-graph-bfs-jqd725m6,,1.571,1.571
2023-03-25 15:34:34.316407,pod-graph-bfs-jqd725m6,,1.571,1.571
2023-03-25 15:34:37.382385,pod-graph-bfs-jqd725m6,,1.539,1.539
2023-03-25 15:34:40.443291,pod-graph-bfs-jqd725m6,,1.539,1.539
2023-03-25 15:34:43.503491,pod-graph-bfs-jqd725m6,,1.507,1.507
2023-03-25 15:34:46.565274,pod-graph-bfs-jqd725m6,,1.507,1.507
2023-03-25 15:34:49.629579,pod-graph-bfs-jqd725m6,,1.475,1.475
2023-03-25 15:34:52.691009,pod-graph-bfs-jqd725m6,,1.475,1.475
2023-03-25 15:34:55.753382,pod-graph-bfs-jqd725m6,,1.443,1.443
2023-03-25 15:34:58.815434,pod-graph-bfs-jqd725m6,,1.443,1.443
2023-03-25 15:34:31.209026,pod-graph-bfs-q5s0miwn,,1.775,1.775
2023-03-25 15:34:34.316407,pod-graph-bfs-q5s0miwn,,1.775,1.775
2023-03-25 15:34:37.382385,pod-graph-bfs-q5s0miwn,,1.762,1.762
2023-03-25 15:34:40.443291,pod-graph-bfs-q5s0miwn,,1.762,1.762
2023-03-25 15:34:43.503491,pod-graph-bfs-q5s0miwn,,1.751,1.751
2023-03-25 15:34:46.565274,pod-graph-bfs-q5s0miwn,,1.751,1.751
2023-03-25 15:34:49.629579,pod-graph-bfs-q5s0miwn,,1.74,1.74
2023-03-25 15:34:52.691009,pod-graph-bfs-q5s0miwn,,1.74,1.74
2023-03-25 15:34:55.753382,pod-graph-bfs-q5s0miwn,,1.729,1.729
2023-03-25 15:34:58.815434,pod-graph-bfs-q5s0miwn,,1.729,1.729
2023-03-25 15:35:01.878525,pod-graph-bfs-jqd725m6,,1.411,1.411
2023-03-25 15:35:04.979167,pod-graph-bfs-jqd725m6,,1.411,1.411
2023-03-25 15:35:08.040401,pod-graph-bfs-jqd725m6,,1.387,1.387
2023-03-25 15:35:11.103031,pod-graph-bfs-jqd725m6,,1.387,1.387
2023-03-25 15:35:14.167297,pod-graph-bfs-jqd725m6,,1.36,1.36
2023-03-25 15:35:17.228809,pod-graph-bfs-jqd725m6,,1.36,1.36
2023-03-25 15:35:20.291289,pod-graph-bfs-jqd725m6,,1.341,1.341
2023-03-25 15:35:23.351397,pod-graph-bfs-jqd725m6,,1.341,1.341
2023-03-25 15:35:26.413553,pod-graph-bfs-jqd725m6,,1.32,1.32
2023-03-25 15:35:29.475667,pod-graph-bfs-jqd725m6,,1.299,1.299
2023-03-25 15:35:01.878525,pod-graph-bfs-q5s0miwn,,1.726,1.726
2023-03-25 15:35:04.979167,pod-graph-bfs-q5s0miwn,,1.726,1.726
2023-03-25 15:35:08.040401,pod-graph-bfs-q5s0miwn,,1.713,1.713
2023-03-25 15:35:11.103031,pod-graph-bfs-q5s0miwn,,1.713,1.713
2023-03-25 15:35:14.167297,pod-graph-bfs-q5s0miwn,,1.702,1.702
2023-03-25 15:35:17.228809,pod-graph-bfs-q5s0miwn,,1.702,1.702
2023-03-25 15:35:20.291289,pod-graph-bfs-q5s0miwn,,1.691,1.691
2023-03-25 15:35:23.351397,pod-graph-bfs-q5s0miwn,,1.691,1.691
2023-03-25 15:35:26.413553,pod-graph-bfs-q5s0miwn,,1.664,1.664
2023-03-25 15:35:29.475667,pod-graph-bfs-q5s0miwn,,1.643,1.643
2023-03-25 15:35:32.53529,pod-graph-bfs-jqd725m6,,1.299,1.299
2023-03-25 15:35:35.63862,pod-graph-bfs-jqd725m6,,1.269,1.269
2023-03-25 15:35:38.703287,pod-graph-bfs-jqd725m6,,1.269,1.269
2023-03-25 15:35:41.767445,pod-graph-bfs-jqd725m6,,1.25,1.25
2023-03-25 15:35:44.828435,pod-graph-bfs-jqd725m6,,1.25,1.25
2023-03-25 15:35:47.889534,pod-graph-bfs-jqd725m6,,1.237,1.237
2023-03-25 15:35:50.951637,pod-graph-bfs-jqd725m6,,1.237,1.237
2023-03-25 15:35:54.015371,pod-graph-bfs-jqd725m6,,1.221,1.221
2023-03-25 15:35:57.080458,pod-graph-bfs-jqd725m6,,1.221,1.221
2023-03-25 15:35:32.53529,pod-graph-bfs-q5s0miwn,,1.643,1.643
2023-03-25 15:35:35.63862,pod-graph-bfs-q5s0miwn,,1.63,1.63
2023-03-25 15:35:38.703287,pod-graph-bfs-q5s0miwn,,1.63,1.63
2023-03-25 15:35:41.767445,pod-graph-bfs-q5s0miwn,,1.614,1.614
2023-03-25 15:35:44.828435,pod-graph-bfs-q5s0miwn,,1.614,1.614
2023-03-25 15:35:47.889534,pod-graph-bfs-q5s0miwn,,1.59,1.59
2023-03-25 15:35:50.951637,pod-graph-bfs-q5s0miwn,,1.59,1.59
2023-03-25 15:35:54.015371,pod-graph-bfs-q5s0miwn,,1.577,1.577
2023-03-25 15:35:57.080458,pod-graph-bfs-q5s0miwn,,1.577,1.577
2023-03-25 15:36:00.147287,pod-graph-bfs-hlnmdbfh,,0.25,0.25
2023-03-25 15:36:00.147287,pod-graph-bfs-q5s0miwn,,1.561,1.561
2023-03-25 15:36:03.258761,pod-graph-bfs-hlnmdbfh,,0.25,0.25
2023-03-25 15:36:03.258761,pod-graph-bfs-q5s0miwn,,1.561,1.561
2023-03-25 15:36:06.329559,pod-graph-bfs-hlnmdbfh,,0.375,0.375
2023-03-25 15:36:06.329559,pod-graph-bfs-q5s0miwn,,1.537,1.537
2023-03-25 15:36:09.396837,pod-graph-bfs-hlnmdbfh,,0.375,0.375
2023-03-25 15:36:09.396837,pod-graph-bfs-q5s0miwn,,1.537,1.537
2023-03-25 15:36:12.462692,pod-graph-bfs-hlnmdbfh,,0.562,0.562
2023-03-25 15:36:12.462692,pod-graph-bfs-q5s0miwn,,1.516,1.516
2023-03-25 15:36:15.535086,pod-graph-bfs-hlnmdbfh,,0.562,0.562
2023-03-25 15:36:15.535086,pod-graph-bfs-q5s0miwn,,1.516,1.516
2023-03-25 15:36:18.607807,pod-graph-bfs-hlnmdbfh,,0.843,0.843
2023-03-25 15:36:18.607807,pod-graph-bfs-q5s0miwn,,1.503,1.503
2023-03-25 15:36:21.679163,pod-graph-bfs-hlnmdbfh,,0.843,0.843
2023-03-25 15:36:21.679163,pod-graph-bfs-q5s0miwn,,1.503,1.503
2023-03-25 15:36:24.747275,pod-graph-bfs-hlnmdbfh,,1.083,1.083
2023-03-25 15:36:24.747275,pod-graph-bfs-q5s0miwn,,1.495,1.495
2023-03-25 15:36:27.819193,pod-graph-bfs-hlnmdbfh,,1.083,1.083
2023-03-25 15:36:27.819193,pod-graph-bfs-q5s0miwn,,1.495,1.495
2023-03-25 15:36:00.147287,pod-graph-bfs-jqd725m6,,1.197,1.197
2023-03-25 15:36:03.258761,pod-graph-bfs-jqd725m6,,1.197,1.197
2023-03-25 15:36:06.329559,pod-graph-bfs-jqd725m6,,1.176,1.176
2023-03-25 15:36:09.396837,pod-graph-bfs-jqd725m6,,1.176,1.176
2023-03-25 15:36:12.462692,pod-graph-bfs-jqd725m6,,1.146,1.146
2023-03-25 15:36:15.535086,pod-graph-bfs-jqd725m6,,1.146,1.146
2023-03-25 15:36:18.607807,pod-graph-bfs-jqd725m6,,1.127,1.127
2023-03-25 15:36:21.679163,pod-graph-bfs-jqd725m6,,1.127,1.127
2023-03-25 15:36:24.747275,pod-graph-bfs-jqd725m6,,1.097,1.097
2023-03-25 15:36:27.819193,pod-graph-bfs-jqd725m6,,1.097,1.097
2023-03-25 15:36:30.888899,pod-graph-bfs-hlnmdbfh,,1.292,1.292
2023-03-25 15:36:30.888899,pod-graph-bfs-q5s0miwn,,1.492,1.492
2023-03-25 15:36:34.005146,pod-graph-bfs-hlnmdbfh,,1.292,1.292
2023-03-25 15:36:34.005146,pod-graph-bfs-q5s0miwn,,1.492,1.492
2023-03-25 15:36:37.07584,pod-graph-bfs-hlnmdbfh,,1.438,1.438
2023-03-25 15:36:37.07584,pod-graph-bfs-q5s0miwn,,1.494,1.494
2023-03-25 15:36:40.143286,pod-graph-bfs-hlnmdbfh,,1.438,1.438
2023-03-25 15:36:40.143286,pod-graph-bfs-q5s0miwn,,1.494,1.494
2023-03-25 15:36:43.21351,pod-graph-bfs-hlnmdbfh,,1.549,1.549
2023-03-25 15:36:43.21351,pod-graph-bfs-q5s0miwn,,1.494,1.494
2023-03-25 15:36:46.283457,pod-graph-bfs-hlnmdbfh,,1.549,1.549
2023-03-25 15:36:46.283457,pod-graph-bfs-q5s0miwn,,1.494,1.494
2023-03-25 15:36:49.35645,pod-graph-bfs-hlnmdbfh,,1.525,1.525
2023-03-25 15:36:49.35645,pod-graph-bfs-q5s0miwn,,1.486,1.486
2023-03-25 15:36:52.426634,pod-graph-bfs-hlnmdbfh,,1.525,1.525
2023-03-25 15:36:52.426634,pod-graph-bfs-q5s0miwn,,1.486,1.486
2023-03-25 15:36:55.496045,pod-graph-bfs-hlnmdbfh,,1.553,1.553
2023-03-25 15:36:55.496045,pod-graph-bfs-q5s0miwn,,1.473,1.473
2023-03-25 15:36:58.567284,pod-graph-bfs-hlnmdbfh,,1.553,1.553
2023-03-25 15:36:58.567284,pod-graph-bfs-q5s0miwn,,1.473,1.473
2023-03-25 15:36:30.888899,pod-graph-bfs-jqd725m6,,1.102,1.102
2023-03-25 15:36:34.005146,pod-graph-bfs-jqd725m6,,1.102,1.102
2023-03-25 15:36:37.07584,pod-graph-bfs-jqd725m6,,1.111,1.111
2023-03-25 15:36:40.143286,pod-graph-bfs-jqd725m6,,1.111,1.111
2023-03-25 15:36:43.21351,pod-graph-bfs-jqd725m6,,1.144,1.144
2023-03-25 15:36:46.283457,pod-graph-bfs-jqd725m6,,1.144,1.144
2023-03-25 15:36:49.35645,pod-graph-bfs-jqd725m6,,1.167,1.167
2023-03-25 15:36:52.426634,pod-graph-bfs-jqd725m6,,1.167,1.167
2023-03-25 15:36:55.496045,pod-graph-bfs-jqd725m6,,1.183,1.183
2023-03-25 15:36:58.567284,pod-graph-bfs-jqd725m6,,1.183,1.183
2023-03-25 15:37:01.635497,pod-graph-bfs-hlnmdbfh,,1.56,1.56
2023-03-25 15:37:01.635497,pod-graph-bfs-q5s0miwn,,1.454,1.454
2023-03-25 15:37:04.844681,pod-graph-bfs-hlnmdbfh,,1.56,1.56
2023-03-25 15:37:04.844681,pod-graph-bfs-q5s0miwn,,1.454,1.454
2023-03-25 15:37:07.919209,pod-graph-bfs-hlnmdbfh,,1.545,1.545
2023-03-25 15:37:07.919209,pod-graph-bfs-q5s0miwn,,1.413,1.413
2023-03-25 15:37:10.988636,pod-graph-bfs-hlnmdbfh,,1.545,1.545
2023-03-25 15:37:10.988636,pod-graph-bfs-q5s0miwn,,1.413,1.413
2023-03-25 15:37:14.060229,pod-graph-bfs-hlnmdbfh,,1.532,1.532
2023-03-25 15:37:14.060229,pod-graph-bfs-q5s0miwn,,1.397,1.397
2023-03-25 15:37:17.129144,pod-graph-bfs-hlnmdbfh,,1.532,1.532
2023-03-25 15:37:17.129144,pod-graph-bfs-q5s0miwn,,1.397,1.397
2023-03-25 15:37:20.198777,pod-graph-bfs-hlnmdbfh,,1.521,1.521
2023-03-25 15:37:20.198777,pod-graph-bfs-q5s0miwn,,1.384,1.384
2023-03-25 15:37:23.2689,pod-graph-bfs-hlnmdbfh,,1.521,1.521
2023-03-25 15:37:23.2689,pod-graph-bfs-q5s0miwn,,1.384,1.384
2023-03-25 15:37:26.337802,pod-graph-bfs-hlnmdbfh,,1.51,1.51
2023-03-25 15:37:26.337802,pod-graph-bfs-q5s0miwn,,1.376,1.376
2023-03-25 15:37:29.4153,pod-graph-bfs-hlnmdbfh,,1.51,1.51
2023-03-25 15:37:29.4153,pod-graph-bfs-q5s0miwn,,1.376,1.376
2023-03-25 15:37:01.635497,pod-graph-bfs-jqd725m6,,1.165,1.165
2023-03-25 15:37:04.844681,pod-graph-bfs-jqd725m6,,1.165,1.165
2023-03-25 15:37:07.919209,pod-graph-bfs-jqd725m6,,1.136,1.136
2023-03-25 15:37:10.988636,pod-graph-bfs-jqd725m6,,1.136,1.136
2023-03-25 15:37:14.060229,pod-graph-bfs-jqd725m6,,1.098,1.098
2023-03-25 15:37:17.129144,pod-graph-bfs-jqd725m6,,1.098,1.098
2023-03-25 15:37:20.198777,pod-graph-bfs-jqd725m6,,1.066,1.066
2023-03-25 15:37:23.2689,pod-graph-bfs-jqd725m6,,1.066,1.066
2023-03-25 15:37:26.337802,pod-graph-bfs-jqd725m6,,1.042,1.042
2023-03-25 15:37:29.4153,pod-graph-bfs-jqd725m6,,1.042,1.042
2023-03-25 15:37:32.486712,pod-graph-bfs-hlnmdbfh,,1.499,1.499
2023-03-25 15:37:32.486712,pod-graph-bfs-q5s0miwn,,1.365,1.365
2023-03-25 15:37:35.595659,pod-graph-bfs-hlnmdbfh,,1.488,1.488
2023-03-25 15:37:35.595659,pod-graph-bfs-q5s0miwn,,1.354,1.354
2023-03-25 15:37:38.6693,pod-graph-bfs-hlnmdbfh,,1.488,1.488
2023-03-25 15:37:38.6693,pod-graph-bfs-q5s0miwn,,1.354,1.354
2023-03-25 15:37:41.742078,pod-graph-bfs-hlnmdbfh,,1.485,1.485
2023-03-25 15:37:41.742078,pod-graph-bfs-q5s0miwn,,1.343,1.343
2023-03-25 15:37:44.811284,pod-graph-bfs-hlnmdbfh,,1.485,1.485
2023-03-25 15:37:44.811284,pod-graph-bfs-q5s0miwn,,1.343,1.343
2023-03-25 15:37:47.88617,pod-graph-bfs-hlnmdbfh,,1.487,1.487
2023-03-25 15:37:47.88617,pod-graph-bfs-q5s0miwn,,1.332,1.332
2023-03-25 15:37:50.959281,pod-graph-bfs-hlnmdbfh,,1.487,1.487
2023-03-25 15:37:50.959281,pod-graph-bfs-q5s0miwn,,1.332,1.332
2023-03-25 15:37:54.029143,pod-graph-bfs-hlnmdbfh,,1.494,1.494
2023-03-25 15:37:54.029143,pod-graph-bfs-q5s0miwn,,1.305,1.305
2023-03-25 15:37:57.100209,pod-graph-bfs-hlnmdbfh,,1.494,1.494
2023-03-25 15:37:57.100209,pod-graph-bfs-q5s0miwn,,1.305,1.305
2023-03-25 15:37:32.486712,pod-graph-bfs-jqd725m6,,1.015,1.015
2023-03-25 15:37:35.595659,pod-graph-bfs-jqd725m6,,0.988,0.988
2023-03-25 15:37:38.6693,pod-graph-bfs-jqd725m6,,0.988,0.988
2023-03-25 15:37:41.742078,pod-graph-bfs-jqd725m6,,0.953,0.953
2023-03-25 15:37:44.811284,pod-graph-bfs-jqd725m6,,0.953,0.953
2023-03-25 15:37:47.88617,pod-graph-bfs-jqd725m6,,0.929,0.929
2023-03-25 15:37:50.959281,pod-graph-bfs-jqd725m6,,0.929,0.929
2023-03-25 15:37:54.029143,pod-graph-bfs-jqd725m6,,0.902,0.902
2023-03-25 15:37:57.100209,pod-graph-bfs-jqd725m6,,0.902,0.902
2023-03-25 15:38:00.172007,pod-graph-bfs-hlnmdbfh,,1.506,1.506
2023-03-25 15:38:00.172007,pod-graph-bfs-q5s0miwn,,1.275,1.275
2023-03-25 15:38:03.286425,pod-graph-bfs-hlnmdbfh,,1.506,1.506
2023-03-25 15:38:03.286425,pod-graph-bfs-q5s0miwn,,1.275,1.275
2023-03-25 15:38:06.359581,pod-graph-bfs-hlnmdbfh,,1.522,1.522
2023-03-25 15:38:06.359581,pod-graph-bfs-q5s0miwn,,1.248,1.248
2023-03-25 15:38:09.431897,pod-graph-bfs-hlnmdbfh,,1.522,1.522
2023-03-25 15:38:09.431897,pod-graph-bfs-q5s0miwn,,1.248,1.248
2023-03-25 15:38:12.50491,pod-graph-bfs-hlnmdbfh,,1.536,1.536
2023-03-25 15:38:12.50491,pod-graph-bfs-q5s0miwn,,1.221,1.221
2023-03-25 15:38:15.586147,pod-graph-bfs-hlnmdbfh,,1.536,1.536
2023-03-25 15:38:15.586147,pod-graph-bfs-q5s0miwn,,1.221,1.221
2023-03-25 15:38:18.657259,pod-graph-bfs-hlnmdbfh,,1.55,1.55
2023-03-25 15:38:18.657259,pod-graph-bfs-q5s0miwn,,1.194,1.194
2023-03-25 15:38:21.726922,pod-graph-bfs-hlnmdbfh,,1.55,1.55
2023-03-25 15:38:21.726922,pod-graph-bfs-q5s0miwn,,1.194,1.194
2023-03-25 15:38:24.798396,pod-graph-bfs-hlnmdbfh,,1.564,1.564
2023-03-25 15:38:24.798396,pod-graph-bfs-q5s0miwn,,1.175,1.175
2023-03-25 15:38:27.870596,pod-graph-bfs-hlnmdbfh,,1.564,1.564
2023-03-25 15:38:27.870596,pod-graph-bfs-q5s0miwn,,1.175,1.175
2023-03-25 15:38:00.172007,pod-graph-bfs-jqd725m6,,0.875,0.875
2023-03-25 15:38:03.286425,pod-graph-bfs-jqd725m6,,0.875,0.875
2023-03-25 15:38:06.359581,pod-graph-bfs-jqd725m6,,0.848,0.848
2023-03-25 15:38:09.431897,pod-graph-bfs-jqd725m6,,0.848,0.848
2023-03-25 15:38:12.50491,pod-graph-bfs-jqd725m6,,0.837,0.837
2023-03-25 15:38:15.586147,pod-graph-bfs-jqd725m6,,0.837,0.837
2023-03-25 15:38:18.657259,pod-graph-bfs-jqd725m6,,0.829,0.829
2023-03-25 15:38:21.726922,pod-graph-bfs-jqd725m6,,0.829,0.829
2023-03-25 15:38:24.798396,pod-graph-bfs-jqd725m6,,0.826,0.826
2023-03-25 15:38:27.870596,pod-graph-bfs-jqd725m6,,0.826,0.826
2023-03-25 15:38:30.940488,pod-graph-bfs-hlnmdbfh,,1.564,1.564
2023-03-25 15:38:30.940488,pod-graph-bfs-q5s0miwn,,1.137,1.137
2023-03-25 15:38:34.053178,pod-graph-bfs-hlnmdbfh,,1.564,1.564
2023-03-25 15:38:34.053178,pod-graph-bfs-q5s0miwn,,1.137,1.137
2023-03-25 15:38:37.126245,pod-graph-bfs-hlnmdbfh,,1.568,1.568
2023-03-25 15:38:37.126245,pod-graph-bfs-q5s0miwn,,1.096,1.096
2023-03-25 15:38:40.194933,pod-graph-bfs-hlnmdbfh,,1.568,1.568
2023-03-25 15:38:40.194933,pod-graph-bfs-q5s0miwn,,1.096,1.096
2023-03-25 15:38:43.263373,pod-graph-bfs-hlnmdbfh,,1.572,1.572
2023-03-25 15:38:43.263373,pod-graph-bfs-q5s0miwn,,1.058,1.058
2023-03-25 15:38:46.335177,pod-graph-bfs-hlnmdbfh,,1.572,1.572
2023-03-25 15:38:46.335177,pod-graph-bfs-q5s0miwn,,1.058,1.058
2023-03-25 15:38:49.405411,pod-graph-bfs-hlnmdbfh,,1.561,1.561
2023-03-25 15:38:49.405411,pod-graph-bfs-q5s0miwn,,1.02,1.02
2023-03-25 15:38:52.474929,pod-graph-bfs-hlnmdbfh,,1.561,1.561
2023-03-25 15:38:52.474929,pod-graph-bfs-q5s0miwn,,1.02,1.02
2023-03-25 15:38:55.542523,pod-graph-bfs-hlnmdbfh,,1.555,1.555
2023-03-25 15:38:55.542523,pod-graph-bfs-q5s0miwn,,0.982,0.982
2023-03-25 15:38:58.612243,pod-graph-bfs-hlnmdbfh,,1.555,1.555
2023-03-25 15:38:58.612243,pod-graph-bfs-q5s0miwn,,0.982,0.982
2023-03-25 15:38:30.940488,pod-graph-bfs-jqd725m6,,0.805,0.805
2023-03-25 15:38:34.053178,pod-graph-bfs-jqd725m6,,0.805,0.805
2023-03-25 15:38:37.126245,pod-graph-bfs-jqd725m6,,0.781,0.781
2023-03-25 15:38:40.194933,pod-graph-bfs-jqd725m6,,0.781,0.781
2023-03-25 15:38:43.263373,pod-graph-bfs-jqd725m6,,0.751,0.751
2023-03-25 15:38:46.335177,pod-graph-bfs-jqd725m6,,0.751,0.751
2023-03-25 15:38:49.405411,pod-graph-bfs-jqd725m6,,0.716,0.716
2023-03-25 15:38:52.474929,pod-graph-bfs-jqd725m6,,0.716,0.716
2023-03-25 15:38:55.542523,pod-graph-bfs-jqd725m6,,0.692,0.692
2023-03-25 15:38:58.612243,pod-graph-bfs-jqd725m6,,0.692,0.692
2023-03-25 15:39:01.679285,pod-graph-bfs-hlnmdbfh,,1.542,1.542
2023-03-25 15:39:01.679285,pod-graph-bfs-q5s0miwn,,0.944,0.944
2023-03-25 15:39:04.800001,pod-graph-bfs-hlnmdbfh,,1.542,1.542
2023-03-25 15:39:04.800001,pod-graph-bfs-q5s0miwn,,0.944,0.944
2023-03-25 15:39:07.871299,pod-graph-bfs-hlnmdbfh,,1.531,1.531
2023-03-25 15:39:07.871299,pod-graph-bfs-q5s0miwn,,0.914,0.914
2023-03-25 15:39:10.94154,pod-graph-bfs-hlnmdbfh,,1.531,1.531
2023-03-25 15:39:10.94154,pod-graph-bfs-q5s0miwn,,0.914,0.914
2023-03-25 15:39:14.011971,pod-graph-bfs-hlnmdbfh,,1.52,1.52
2023-03-25 15:39:14.011971,pod-graph-bfs-q5s0miwn,,0.873,0.873
2023-03-25 15:39:17.07935,pod-graph-bfs-hlnmdbfh,,1.52,1.52
2023-03-25 15:39:17.07935,pod-graph-bfs-q5s0miwn,,0.873,0.873
2023-03-25 15:39:20.151287,pod-graph-bfs-hlnmdbfh,,1.517,1.517
2023-03-25 15:39:20.151287,pod-graph-bfs-q5s0miwn,,0.835,0.835
2023-03-25 15:39:23.221784,pod-graph-bfs-hlnmdbfh,,1.517,1.517
2023-03-25 15:39:23.221784,pod-graph-bfs-q5s0miwn,,0.835,0.835
2023-03-25 15:39:26.403131,pod-graph-bfs-hlnmdbfh,,1.504,1.504
2023-03-25 15:39:26.403131,pod-graph-bfs-q5s0miwn,,0.805,0.805
2023-03-25 15:39:29.473226,pod-graph-bfs-hlnmdbfh,,1.501,1.501
2023-03-25 15:39:29.473226,pod-graph-bfs-q5s0miwn,,0.781,0.781
2023-03-25 15:39:01.679285,pod-graph-bfs-jqd725m6,,0.681,0.681
2023-03-25 15:39:04.800001,pod-graph-bfs-jqd725m6,,0.681,0.681
2023-03-25 15:39:07.871299,pod-graph-bfs-jqd725m6,,0.724,0.724
2023-03-25 15:39:10.94154,pod-graph-bfs-jqd725m6,,0.724,0.724
2023-03-25 15:39:14.011971,pod-graph-bfs-jqd725m6,,0.733,0.733
2023-03-25 15:39:17.07935,pod-graph-bfs-jqd725m6,,0.733,0.733
2023-03-25 15:39:20.151287,pod-graph-bfs-jqd725m6,,0.74,0.74
2023-03-25 15:39:23.221784,pod-graph-bfs-jqd725m6,,0.74,0.74
2023-03-25 15:39:26.403131,pod-graph-bfs-jqd725m6,,0.756,0.756
2023-03-25 15:39:29.473226,pod-graph-bfs-jqd725m6,,0.791,0.791
2023-03-25 15:39:32.545732,pod-graph-bfs-hlnmdbfh,,1.501,1.501
2023-03-25 15:39:32.545732,pod-graph-bfs-q5s0miwn,,0.781,0.781
2023-03-25 15:39:35.65928,pod-graph-bfs-hlnmdbfh,,1.488,1.488
2023-03-25 15:39:35.65928,pod-graph-bfs-q5s0miwn,,0.762,0.762
2023-03-25 15:39:38.727283,pod-graph-bfs-hlnmdbfh,,1.488,1.488
2023-03-25 15:39:38.727283,pod-graph-bfs-q5s0miwn,,0.762,0.762
2023-03-25 15:39:41.798349,pod-graph-bfs-hlnmdbfh,,1.477,1.477
2023-03-25 15:39:41.798349,pod-graph-bfs-q5s0miwn,,0.757,0.757
2023-03-25 15:39:44.867375,pod-graph-bfs-hlnmdbfh,,1.477,1.477
2023-03-25 15:39:44.867375,pod-graph-bfs-q5s0miwn,,0.757,0.757
2023-03-25 15:39:47.938265,pod-graph-bfs-hlnmdbfh,,1.466,1.466
2023-03-25 15:39:47.938265,pod-graph-bfs-q5s0miwn,,0.754,0.754
2023-03-25 15:39:51.008819,pod-graph-bfs-hlnmdbfh,,1.466,1.466
2023-03-25 15:39:51.008819,pod-graph-bfs-q5s0miwn,,0.754,0.754
2023-03-25 15:39:54.078576,pod-graph-bfs-hlnmdbfh,,1.463,1.463
2023-03-25 15:39:54.078576,pod-graph-bfs-q5s0miwn,,0.748,0.748
2023-03-25 15:39:57.150009,pod-graph-bfs-hlnmdbfh,,1.463,1.463
2023-03-25 15:39:57.150009,pod-graph-bfs-q5s0miwn,,0.748,0.748
2023-03-25 15:39:32.545732,pod-graph-bfs-jqd725m6,,0.791,0.791
2023-03-25 15:39:35.65928,pod-graph-bfs-jqd725m6,,0.761,0.761
2023-03-25 15:39:38.727283,pod-graph-bfs-jqd725m6,,0.761,0.761
2023-03-25 15:39:41.798349,pod-graph-bfs-jqd725m6,,0.75,0.75
2023-03-25 15:39:44.867375,pod-graph-bfs-jqd725m6,,0.75,0.75
2023-03-25 15:39:47.938265,pod-graph-bfs-jqd725m6,,0.739,0.739
2023-03-25 15:39:51.008819,pod-graph-bfs-jqd725m6,,0.739,0.739
2023-03-25 15:39:54.078576,pod-graph-bfs-jqd725m6,,0.696,0.696
2023-03-25 15:39:57.150009,pod-graph-bfs-jqd725m6,,0.696,0.696
2023-03-25 15:40:00.219194,pod-graph-bfs-hlnmdbfh,,1.45,1.45
2023-03-25 15:40:00.219194,pod-graph-bfs-q5s0miwn,,0.757,0.757
2023-03-25 15:40:03.331281,pod-graph-bfs-hlnmdbfh,,1.45,1.45
2023-03-25 15:40:03.331281,pod-graph-bfs-q5s0miwn,,0.757,0.757
2023-03-25 15:40:06.40119,pod-graph-bfs-hlnmdbfh,,1.439,1.439
2023-03-25 15:40:06.40119,pod-graph-bfs-q5s0miwn,,0.761,0.761
2023-03-25 15:40:09.471534,pod-graph-bfs-hlnmdbfh,,1.439,1.439
2023-03-25 15:40:09.471534,pod-graph-bfs-q5s0miwn,,0.761,0.761
2023-03-25 15:40:12.539203,pod-graph-bfs-hlnmdbfh,,1.436,1.436
2023-03-25 15:40:12.539203,pod-graph-bfs-q5s0miwn,,0.758,0.758
2023-03-25 15:40:15.607291,pod-graph-bfs-hlnmdbfh,,1.436,1.436
2023-03-25 15:40:15.607291,pod-graph-bfs-q5s0miwn,,0.758,0.758
2023-03-25 15:40:18.679214,pod-graph-bfs-hlnmdbfh,,1.43,1.43
2023-03-25 15:40:18.679214,pod-graph-bfs-q5s0miwn,,0.765,0.765
2023-03-25 15:40:21.750349,pod-graph-bfs-hlnmdbfh,,1.43,1.43
2023-03-25 15:40:21.750349,pod-graph-bfs-q5s0miwn,,0.765,0.765
2023-03-25 15:40:24.820611,pod-graph-bfs-hlnmdbfh,,1.424,1.424
2023-03-25 15:40:24.820611,pod-graph-bfs-q5s0miwn,,0.777,0.777
2023-03-25 15:40:27.894875,pod-graph-bfs-hlnmdbfh,,1.424,1.424
2023-03-25 15:40:27.894875,pod-graph-bfs-q5s0miwn,,0.777,0.777
2023-03-25 15:40:00.219194,pod-graph-bfs-jqd725m6,,0.672,0.672
2023-03-25 15:40:03.331281,pod-graph-bfs-jqd725m6,,0.672,0.672
2023-03-25 15:40:06.40119,pod-graph-bfs-jqd725m6,,0.677,0.677
2023-03-25 15:40:09.471534,pod-graph-bfs-jqd725m6,,0.677,0.677
2023-03-25 15:40:12.539203,pod-graph-bfs-jqd725m6,,0.708,0.708
2023-03-25 15:40:15.607291,pod-graph-bfs-jqd725m6,,0.708,0.708
2023-03-25 15:40:18.679214,pod-graph-bfs-jqd725m6,,0.675,0.675
2023-03-25 15:40:21.750349,pod-graph-bfs-jqd725m6,,0.675,0.675
2023-03-25 15:40:24.820611,pod-graph-bfs-jqd725m6,,0.667,0.667
2023-03-25 15:40:27.894875,pod-graph-bfs-jqd725m6,,0.667,0.667
2023-03-25 15:40:30.969076,pod-graph-bfs-hlnmdbfh,,1.426,1.426
2023-03-25 15:40:30.969076,pod-graph-bfs-q5s0miwn,,0.779,0.779
2023-03-25 15:40:34.080172,pod-graph-bfs-hlnmdbfh,,1.426,1.426
2023-03-25 15:40:34.080172,pod-graph-bfs-q5s0miwn,,0.779,0.779
2023-03-25 15:40:37.153816,pod-graph-bfs-hlnmdbfh,,1.41,1.41
2023-03-25 15:40:37.153816,pod-graph-bfs-q5s0miwn,,0.791,0.791
2023-03-25 15:40:40.226982,pod-graph-bfs-hlnmdbfh,,1.41,1.41
2023-03-25 15:40:40.226982,pod-graph-bfs-q5s0miwn,,0.791,0.791
2023-03-25 15:40:43.296414,pod-graph-bfs-hlnmdbfh,,1.399,1.399
2023-03-25 15:40:43.296414,pod-graph-bfs-q5s0miwn,,0.828,0.828
2023-03-25 15:40:46.366435,pod-graph-bfs-hlnmdbfh,,1.399,1.399
2023-03-25 15:40:46.366435,pod-graph-bfs-q5s0miwn,,0.828,0.828
2023-03-25 15:40:49.43618,pod-graph-bfs-hlnmdbfh,,0.654,0.654
2023-03-25 15:40:49.43618,pod-graph-bfs-q5s0miwn,,0.2,0.2
2023-03-25 15:40:52.504715,pod-graph-bfs-hlnmdbfh,,0.654,0.654
2023-03-25 15:40:52.504715,pod-graph-bfs-q5s0miwn,,0.2,0.2
2023-03-25 15:40:55.575312,pod-graph-bfs-hlnmdbfh,,0.2,0.2
2023-03-25 15:40:55.575312,pod-graph-bfs-q5s0miwn,,0.2,0.2
2023-03-25 15:40:58.660716,pod-graph-bfs-hlnmdbfh,,0.2,0.2
2023-03-25 15:40:58.660716,pod-graph-bfs-q5s0miwn,,0.2,0.2
2023-03-25 15:40:30.969076,pod-graph-bfs-jqd725m6,,0.64,0.64
2023-03-25 15:40:34.080172,pod-graph-bfs-jqd725m6,,0.64,0.64
2023-03-25 15:40:37.153816,pod-graph-bfs-jqd725m6,,0.548,0.548
2023-03-25 15:40:40.226982,pod-graph-bfs-jqd725m6,,0.548,0.548
2023-03-25 15:40:43.296414,pod-graph-bfs-jqd725m6,,0.2,0.2
2023-03-25 15:40:46.366435,pod-graph-bfs-jqd725m6,,0.2,0.2
2023-03-25 15:40:49.43618,pod-graph-bfs-jqd725m6,,0.2,0.2
2023-03-25 15:40:52.504715,pod-graph-bfs-jqd725m6,,0.2,0.2
2023-03-25 15:40:55.575312,pod-graph-bfs-jqd725m6,,0.2,0.2
2023-03-25 15:40:58.660716,pod-graph-bfs-jqd725m6,,0.2,0.2
2023-03-25 15:41:01.729573,pod-graph-bfs-hlnmdbfh,,0.2,0.2
2023-03-25 15:41:01.729573,pod-graph-bfs-q5s0miwn,,0.2,0.2
2023-03-25 15:41:04.841197,pod-graph-bfs-hlnmdbfh,,0.2,0.2
2023-03-25 15:41:04.841197,pod-graph-bfs-q5s0miwn,,0.2,0.2
2023-03-25 15:41:07.910819,pod-graph-bfs-hlnmdbfh,,0.2,0.2
2023-03-25 15:41:07.910819,pod-graph-bfs-q5s0miwn,,0.2,0.2
2023-03-25 15:41:01.729573,pod-graph-bfs-jqd725m6,,0.2,0.2
2023-03-25 15:41:04.841197,pod-graph-bfs-jqd725m6,,0.2,0.2
2023-03-25 15:41:07.910819,pod-graph-bfs-jqd725m6,,0.2,0.2
