timestamp,pod_name,container_name,pod_address,node,cpu,mem,response_time
2023-04-01 08:57:14.594931,community-0-556f9b58f9-8wzj4,controller,10.42.0.21,k3s-master,0.2,200000000,0
2023-04-01 08:57:19.428615,community-0-556f9b58f9-8wzj4,controller,10.42.0.21,k3s-master,0.2,200000000,0
2023-04-01 08:57:24.268366,community-0-556f9b58f9-8wzj4,controller,10.42.0.21,k3s-master,0.2,200000000,0
2023-04-01 08:57:29.106578,community-0-556f9b58f9-8wzj4,controller,10.42.0.21,k3s-master,0.2,200000000,0
2023-04-01 08:57:14.594931,graph-mst-2hot3y9n,graph-mst,10.42.2.124,ea-k3s-node-us-west-2-0,0.2,4294967296,367.5
2023-04-01 08:57:19.428615,graph-mst-2hot3y9n,graph-mst,10.42.2.124,ea-k3s-node-us-west-2-0,0.3,4294967296,244
2023-04-01 08:57:24.268366,graph-mst-2hot3y9n,graph-mst,10.42.2.124,ea-k3s-node-us-west-2-0,0.45,4294967296,185.2
2023-04-01 08:57:29.106578,graph-mst-2hot3y9n,graph-mst,10.42.2.124,ea-k3s-node-us-west-2-0,0.605,4294967296,155.357143
2023-04-01 08:57:33.940743,community-0-556f9b58f9-8wzj4,controller,10.42.0.21,k3s-master,0.2,200000000,0
2023-04-01 08:57:38.802714,community-0-556f9b58f9-8wzj4,controller,10.42.0.21,k3s-master,0.2,200000000,0
2023-04-01 08:57:43.638727,community-0-556f9b58f9-8wzj4,controller,10.42.0.21,k3s-master,0.2,200000000,0
2023-04-01 08:57:48.474208,community-0-556f9b58f9-8wzj4,controller,10.42.0.21,k3s-master,0.2,200000000,0
2023-04-01 08:57:53.311194,community-0-556f9b58f9-8wzj4,controller,10.42.0.21,k3s-master,0.2,200000000,0
2023-04-01 08:57:58.146626,community-0-556f9b58f9-8wzj4,controller,10.42.0.21,k3s-master,0.2,200000000,0
2023-04-01 08:57:33.940743,graph-mst-2hot3y9n,graph-mst,10.42.2.124,ea-k3s-node-us-west-2-0,0.605,4294967296,149.133333
2023-04-01 08:57:38.802714,graph-mst-2hot3y9n,graph-mst,10.42.2.124,ea-k3s-node-us-west-2-0,0.755,4294967296,134.777778
2023-04-01 08:57:43.638727,graph-mst-2hot3y9n,graph-mst,10.42.2.124,ea-k3s-node-us-west-2-0,0.875,4294967296,107.772727
2023-04-01 08:57:48.474208,graph-mst-2hot3y9n,graph-mst,10.42.2.124,ea-k3s-node-us-west-2-0,0.759,4294967296,84.136364
2023-04-01 08:57:53.311194,graph-mst-2hot3y9n,graph-mst,10.42.2.124,ea-k3s-node-us-west-2-0,0.575,4294967296,74.26087
2023-04-01 08:57:58.146626,graph-mst-2hot3y9n,graph-mst,10.42.2.124,ea-k3s-node-us-west-2-0,0.575,4294967296,71.909091
2023-04-01 08:58:02.984717,community-0-556f9b58f9-8wzj4,controller,10.42.0.21,k3s-master,0.2,200000000,0
2023-04-01 08:58:07.844929,community-0-556f9b58f9-8wzj4,controller,10.42.0.21,k3s-master,0.2,200000000,0
2023-04-01 08:58:12.682937,community-0-556f9b58f9-8wzj4,controller,10.42.0.21,k3s-master,0.2,200000000,0
2023-04-01 08:58:17.519197,community-0-556f9b58f9-8wzj4,controller,10.42.0.21,k3s-master,0.2,200000000,0
2023-04-01 08:58:22.353367,community-0-556f9b58f9-8wzj4,controller,10.42.0.21,k3s-master,0.2,200000000,0
2023-04-01 08:58:27.188862,community-0-556f9b58f9-8wzj4,controller,10.42.0.21,k3s-master,0.2,200000000,0
2023-04-01 08:58:02.984717,graph-mst-2hot3y9n,graph-mst,10.42.2.124,ea-k3s-node-us-west-2-0,0.335,4294967296,72.65
2023-04-01 08:58:07.844929,graph-mst-2hot3y9n,graph-mst,10.42.2.124,ea-k3s-node-us-west-2-0,0.2,4294967296,83.055556
2023-04-01 08:58:12.682937,graph-mst-2hot3y9n,graph-mst,10.42.2.124,ea-k3s-node-us-west-2-0,0.2,4294967296,106
2023-04-01 08:58:17.519197,graph-mst-2hot3y9n,graph-mst,10.42.2.124,ea-k3s-node-us-west-2-0,0.3,4294967296,140.388889
2023-04-01 08:58:22.353367,graph-mst-2hot3y9n,graph-mst,10.42.2.124,ea-k3s-node-us-west-2-0,0.3,4294967296,168.642857
2023-04-01 08:58:27.188862,graph-mst-2hot3y9n,graph-mst,10.42.2.124,ea-k3s-node-us-west-2-0,0.45,4294967296,181.923077
2023-04-01 08:58:32.024961,community-0-556f9b58f9-8wzj4,controller,10.42.0.21,k3s-master,0.2,200000000,0
2023-04-01 08:58:36.88264,community-0-556f9b58f9-8wzj4,controller,10.42.0.21,k3s-master,0.2,200000000,0
2023-04-01 08:58:41.721022,community-0-556f9b58f9-8wzj4,controller,10.42.0.21,k3s-master,0.2,200000000,0
2023-04-01 08:58:46.555153,community-0-556f9b58f9-8wzj4,controller,10.42.0.21,k3s-master,0.2,200000000,0
2023-04-01 08:58:51.391207,community-0-556f9b58f9-8wzj4,controller,10.42.0.21,k3s-master,0.2,200000000,0
2023-04-01 08:58:56.231968,community-0-556f9b58f9-8wzj4,controller,10.42.0.21,k3s-master,0.2,200000000,0
2023-04-01 08:58:32.024961,graph-mst-2hot3y9n,graph-mst,10.42.2.124,ea-k3s-node-us-west-2-0,0.671,4294967296,149.722222
2023-04-01 08:58:36.88264,graph-mst-2hot3y9n,graph-mst,10.42.2.124,ea-k3s-node-us-west-2-0,0.783,4294967296,136.368421
2023-04-01 08:58:41.721022,graph-mst-2hot3y9n,graph-mst,10.42.2.124,ea-k3s-node-us-west-2-0,0.845,4294967296,117
2023-04-01 08:58:46.555153,graph-mst-2hot3y9n,graph-mst,10.42.2.124,ea-k3s-node-us-west-2-0,0.845,4294967296,73.736842
2023-04-01 08:58:51.391207,graph-mst-2hot3y9n,graph-mst,10.42.2.124,ea-k3s-node-us-west-2-0,0.657,4294967296,67.55
2023-04-01 08:58:56.231968,graph-mst-2hot3y9n,graph-mst,10.42.2.124,ea-k3s-node-us-west-2-0,0.335,4294967296,67.833333
2023-04-01 08:59:01.067507,community-0-556f9b58f9-8wzj4,controller,10.42.0.21,k3s-master,0.2,200000000,0
2023-04-01 08:59:05.924997,community-0-556f9b58f9-8wzj4,controller,10.42.0.21,k3s-master,0.2,200000000,0
2023-04-01 08:59:10.759172,community-0-556f9b58f9-8wzj4,controller,10.42.0.21,k3s-master,0.2,200000000,0
2023-04-01 08:59:15.597645,community-0-556f9b58f9-8wzj4,controller,10.42.0.21,k3s-master,0.2,200000000,0
2023-04-01 08:59:20.434604,community-0-556f9b58f9-8wzj4,controller,10.42.0.21,k3s-master,0.2,200000000,0
2023-04-01 08:59:25.271607,community-0-556f9b58f9-8wzj4,controller,10.42.0.21,k3s-master,0.2,200000000,0
2023-04-01 08:59:01.067507,graph-mst-2hot3y9n,graph-mst,10.42.2.124,ea-k3s-node-us-west-2-0,0.2,4294967296,84
2023-04-01 08:59:05.924997,graph-mst-2hot3y9n,graph-mst,10.42.2.124,ea-k3s-node-us-west-2-0,0.3,4294967296,110.947368
2023-04-01 08:59:10.759172,graph-mst-2hot3y9n,graph-mst,10.42.2.124,ea-k3s-node-us-west-2-0,0.3,4294967296,118.833333
2023-04-01 08:59:15.597645,graph-mst-2hot3y9n,graph-mst,10.42.2.124,ea-k3s-node-us-west-2-0,0.388,4294967296,123.444444
2023-04-01 08:59:20.434604,graph-mst-2hot3y9n,graph-mst,10.42.2.124,ea-k3s-node-us-west-2-0,0.495,4294967296,135.6
2023-04-01 08:59:25.271607,graph-mst-2hot3y9n,graph-mst,10.42.2.124,ea-k3s-node-us-west-2-0,0.642,4294967296,136
2023-04-01 08:59:30.140917,community-0-556f9b58f9-8wzj4,controller,10.42.0.21,k3s-master,0.2,200000000,0
2023-04-01 08:59:35.004031,community-0-556f9b58f9-8wzj4,controller,10.42.0.21,k3s-master,0.2,200000000,0
2023-04-01 08:59:39.837756,community-0-556f9b58f9-8wzj4,controller,10.42.0.21,k3s-master,0.2,200000000,0
2023-04-01 08:59:44.674143,community-0-556f9b58f9-8wzj4,controller,10.42.0.21,k3s-master,0.2,200000000,0
2023-04-01 08:59:49.509782,community-0-556f9b58f9-8wzj4,controller,10.42.0.21,k3s-master,0.2,200000000,0
2023-04-01 08:59:54.34698,community-0-556f9b58f9-8wzj4,controller,10.42.0.21,k3s-master,0.2,200000000,0
2023-04-01 08:59:59.180675,community-0-556f9b58f9-8wzj4,controller,10.42.0.21,k3s-master,0.2,200000000,0
2023-04-01 08:59:30.140917,graph-mst-2hot3y9n,graph-mst,10.42.2.124,ea-k3s-node-us-west-2-0,0.767,4294967296,121
2023-04-01 08:59:35.004031,graph-mst-2hot3y9n,graph-mst,10.42.2.124,ea-k3s-node-us-west-2-0,0.516,4294967296,73.052632
2023-04-01 08:59:39.837756,graph-mst-2hot3y9n,graph-mst,10.42.2.124,ea-k3s-node-us-west-2-0,0.516,4294967296,70.2
2023-04-01 08:59:44.674143,graph-mst-2hot3y9n,graph-mst,10.42.2.124,ea-k3s-node-us-west-2-0,0.257,4294967296,79.619048
2023-04-01 08:59:49.509782,graph-mst-2hot3y9n,graph-mst,10.42.2.124,ea-k3s-node-us-west-2-0,0.221,4294967296,112.230769
2023-04-01 08:59:54.34698,graph-mst-2hot3y9n,graph-mst,10.42.2.124,ea-k3s-node-us-west-2-0,0.331,4294967296,119.78125
2023-04-01 08:59:59.180675,graph-mst-2hot3y9n,graph-mst,10.42.2.124,ea-k3s-node-us-west-2-0,0.405,4294967296,118.424242
2023-04-01 09:00:04.020681,community-0-556f9b58f9-8wzj4,controller,10.42.0.21,k3s-master,0.2,200000000,0
2023-04-01 09:00:08.882228,community-0-556f9b58f9-8wzj4,controller,10.42.0.21,k3s-master,0.2,200000000,0
2023-04-01 09:00:13.732347,community-0-556f9b58f9-8wzj4,controller,10.42.0.21,k3s-master,0.2,200000000,0
2023-04-01 09:00:18.573799,community-0-556f9b58f9-8wzj4,controller,10.42.0.21,k3s-master,0.2,200000000,0
2023-04-01 09:00:23.414751,community-0-556f9b58f9-8wzj4,controller,10.42.0.21,k3s-master,0.2,200000000,0
2023-04-01 09:00:28.266577,community-0-556f9b58f9-8wzj4,controller,10.42.0.21,k3s-master,0.2,200000000,0
2023-04-01 09:00:04.020681,graph-mst-2hot3y9n,graph-mst,10.42.2.124,ea-k3s-node-us-west-2-0,0.405,4294967296,124.1
2023-04-01 09:00:08.882228,graph-mst-2hot3y9n,graph-mst,10.42.2.124,ea-k3s-node-us-west-2-0,0.512,4294967296,118.151515
2023-04-01 09:00:13.732347,graph-mst-2hot3y9n,graph-mst,10.42.2.124,ea-k3s-node-us-west-2-0,0.567,4294967296,111.882353
2023-04-01 09:00:18.573799,graph-mst-2hot3y9n,graph-mst,10.42.2.124,ea-k3s-node-us-west-2-0,0.568,4294967296,90.645161
2023-04-01 09:00:23.414751,graph-mst-2hot3y9n,graph-mst,10.42.2.124,ea-k3s-node-us-west-2-0,0.306,4294967296,95.852941
2023-04-01 09:00:28.266577,graph-mst-2hot3y9n,graph-mst,10.42.2.124,ea-k3s-node-us-west-2-0,0.306,4294967296,102.641026
2023-04-01 09:00:23.414751,graph-mst-z9tgbm68,graph-mst,10.42.3.141,ea-k3s-node-eu-west-2-1,0.2,4294967296,0
2023-04-01 09:00:28.266577,graph-mst-z9tgbm68,graph-mst,10.42.3.141,ea-k3s-node-eu-west-2-1,0.2,4294967296,614
2023-04-01 09:00:33.112536,community-0-556f9b58f9-8wzj4,controller,10.42.0.21,k3s-master,0.2,200000000,0
2023-04-01 09:00:38.01522,community-0-556f9b58f9-8wzj4,controller,10.42.0.21,k3s-master,0.2,200000000,0
2023-04-01 09:00:42.863351,community-0-556f9b58f9-8wzj4,controller,10.42.0.21,k3s-master,0.2,200000000,0
2023-04-01 09:00:47.710935,community-0-556f9b58f9-8wzj4,controller,10.42.0.21,k3s-master,0.2,200000000,0
2023-04-01 09:00:52.560288,community-0-556f9b58f9-8wzj4,controller,10.42.0.21,k3s-master,0.2,200000000,0
2023-04-01 09:00:57.410241,community-0-556f9b58f9-8wzj4,controller,10.42.0.21,k3s-master,0.2,200000000,0
2023-04-01 09:00:33.112536,graph-mst-2hot3y9n,graph-mst,10.42.2.124,ea-k3s-node-us-west-2-0,0.459,4294967296,112.452381
2023-04-01 09:00:38.01522,graph-mst-2hot3y9n,graph-mst,10.42.2.124,ea-k3s-node-us-west-2-0,0.514,4294967296,110.795455
2023-04-01 09:00:42.863351,graph-mst-2hot3y9n,graph-mst,10.42.2.124,ea-k3s-node-us-west-2-0,0.579,4294967296,116.7
2023-04-01 09:00:47.710935,graph-mst-2hot3y9n,graph-mst,10.42.2.124,ea-k3s-node-us-west-2-0,0.668,4294967296,118.435897
2023-04-01 09:00:52.560288,graph-mst-2hot3y9n,graph-mst,10.42.2.124,ea-k3s-node-us-west-2-0,0.668,4294967296,117.416667
2023-04-01 09:00:57.410241,graph-mst-2hot3y9n,graph-mst,10.42.2.124,ea-k3s-node-us-west-2-0,0.742,4294967296,92.103448
2023-04-01 09:00:33.112536,graph-mst-z9tgbm68,graph-mst,10.42.3.141,ea-k3s-node-eu-west-2-1,0.3,4294967296,278.2
2023-04-01 09:00:38.01522,graph-mst-z9tgbm68,graph-mst,10.42.3.141,ea-k3s-node-eu-west-2-1,0.45,4294967296,210.25
2023-04-01 09:00:42.863351,graph-mst-z9tgbm68,graph-mst,10.42.3.141,ea-k3s-node-eu-west-2-1,0.675,4294967296,193.846154
2023-04-01 09:00:47.710935,graph-mst-z9tgbm68,graph-mst,10.42.3.141,ea-k3s-node-eu-west-2-1,0.884,4294967296,184.428571
2023-04-01 09:00:52.560288,graph-mst-z9tgbm68,graph-mst,10.42.3.141,ea-k3s-node-eu-west-2-1,0.884,4294967296,162.823529
2023-04-01 09:00:57.410241,graph-mst-z9tgbm68,graph-mst,10.42.3.141,ea-k3s-node-eu-west-2-1,1.056,4294967296,106.692308
2023-04-01 09:01:02.259296,community-0-556f9b58f9-8wzj4,controller,10.42.0.21,k3s-master,0.2,200000000,0
2023-04-01 09:01:07.142897,community-0-556f9b58f9-8wzj4,controller,10.42.0.21,k3s-master,0.2,200000000,0
2023-04-01 09:01:11.989587,community-0-556f9b58f9-8wzj4,controller,10.42.0.21,k3s-master,0.2,200000000,0
2023-04-01 09:01:16.834937,community-0-556f9b58f9-8wzj4,controller,10.42.0.21,k3s-master,0.2,200000000,0
2023-04-01 09:01:21.684126,community-0-556f9b58f9-8wzj4,controller,10.42.0.21,k3s-master,0.2,200000000,0
2023-04-01 09:01:26.533908,community-0-556f9b58f9-8wzj4,controller,10.42.0.21,k3s-master,0.2,200000000,0
2023-04-01 09:01:02.259296,graph-mst-2hot3y9n,graph-mst,10.42.2.124,ea-k3s-node-us-west-2-0,0.638,4294967296,75.833333
2023-04-01 09:01:07.142897,graph-mst-2hot3y9n,graph-mst,10.42.2.124,ea-k3s-node-us-west-2-0,0.396,4294967296,76.555556
2023-04-01 09:01:11.989587,graph-mst-2hot3y9n,graph-mst,10.42.2.124,ea-k3s-node-us-west-2-0,0.246,4294967296,73.6
2023-04-01 09:01:16.834937,graph-mst-2hot3y9n,graph-mst,10.42.2.124,ea-k3s-node-us-west-2-0,0.2,4294967296,73.357143
2023-04-01 09:01:21.684126,graph-mst-2hot3y9n,graph-mst,10.42.2.124,ea-k3s-node-us-west-2-0,0.2,4294967296,76.2
2023-04-01 09:01:26.533908,graph-mst-2hot3y9n,graph-mst,10.42.2.124,ea-k3s-node-us-west-2-0,0.2,4294967296,101.777778
2023-04-01 09:01:02.259296,graph-mst-z9tgbm68,graph-mst,10.42.3.141,ea-k3s-node-eu-west-2-1,1.002,4294967296,83.454545
2023-04-01 09:01:07.142897,graph-mst-z9tgbm68,graph-mst,10.42.3.141,ea-k3s-node-eu-west-2-1,0.788,4294967296,75.926829
2023-04-01 09:01:11.989587,graph-mst-z9tgbm68,graph-mst,10.42.3.141,ea-k3s-node-eu-west-2-1,0.394,4294967296,61.8
2023-04-01 09:01:16.834937,graph-mst-z9tgbm68,graph-mst,10.42.3.141,ea-k3s-node-eu-west-2-1,0.2,4294967296,76.152174
2023-04-01 09:01:21.684126,graph-mst-z9tgbm68,graph-mst,10.42.3.141,ea-k3s-node-eu-west-2-1,0.2,4294967296,157.053571
2023-04-01 09:01:26.533908,graph-mst-z9tgbm68,graph-mst,10.42.3.141,ea-k3s-node-eu-west-2-1,0.3,4294967296,188.22807
2023-04-01 09:01:31.38275,community-0-556f9b58f9-8wzj4,controller,10.42.0.21,k3s-master,0.2,200000000,0
2023-04-01 09:01:36.267196,community-0-556f9b58f9-8wzj4,controller,10.42.0.21,k3s-master,0.2,200000000,0
2023-04-01 09:01:41.115755,community-0-556f9b58f9-8wzj4,controller,10.42.0.21,k3s-master,0.2,200000000,0
2023-04-01 09:01:45.964059,community-0-556f9b58f9-8wzj4,controller,10.42.0.21,k3s-master,0.2,200000000,0
2023-04-01 09:01:50.809898,community-0-556f9b58f9-8wzj4,controller,10.42.0.21,k3s-master,0.2,200000000,0
2023-04-01 09:01:55.657699,community-0-556f9b58f9-8wzj4,controller,10.42.0.21,k3s-master,0.2,200000000,0
2023-04-01 09:01:31.38275,graph-mst-2hot3y9n,graph-mst,10.42.2.124,ea-k3s-node-us-west-2-0,0.3,4294967296,130.4
2023-04-01 09:01:36.267196,graph-mst-2hot3y9n,graph-mst,10.42.2.124,ea-k3s-node-us-west-2-0,0.45,4294967296,221.5
2023-04-01 09:01:41.115755,graph-mst-2hot3y9n,graph-mst,10.42.2.124,ea-k3s-node-us-west-2-0,0.652,4294967296,168.666667
2023-04-01 09:01:45.964059,graph-mst-2hot3y9n,graph-mst,10.42.2.124,ea-k3s-node-us-west-2-0,0.652,4294967296,108.285714
2023-04-01 09:01:50.809898,graph-mst-2hot3y9n,graph-mst,10.42.2.124,ea-k3s-node-us-west-2-0,0.606,4294967296,98.7
2023-04-01 09:01:55.657699,graph-mst-2hot3y9n,graph-mst,10.42.2.124,ea-k3s-node-us-west-2-0,0.572,4294967296,78.222222
2023-04-01 09:01:31.38275,graph-mst-z9tgbm68,graph-mst,10.42.3.141,ea-k3s-node-eu-west-2-1,0.45,4294967296,201.619048
2023-04-01 09:01:36.267196,graph-mst-z9tgbm68,graph-mst,10.42.3.141,ea-k3s-node-eu-west-2-1,0.675,4294967296,207.892308
2023-04-01 09:01:41.115755,graph-mst-z9tgbm68,graph-mst,10.42.3.141,ea-k3s-node-eu-west-2-1,0.915,4294967296,191.716216
2023-04-01 09:01:45.964059,graph-mst-z9tgbm68,graph-mst,10.42.3.141,ea-k3s-node-eu-west-2-1,0.915,4294967296,185.935065
2023-04-01 09:01:50.809898,graph-mst-z9tgbm68,graph-mst,10.42.3.141,ea-k3s-node-eu-west-2-1,1.133,4294967296,134.04
2023-04-01 09:01:55.657699,graph-mst-z9tgbm68,graph-mst,10.42.3.141,ea-k3s-node-eu-west-2-1,1.164,4294967296,100.434211
2023-04-01 09:02:00.508412,community-0-556f9b58f9-8wzj4,controller,10.42.0.21,k3s-master,0.2,200000000,0
2023-04-01 09:02:05.390795,community-0-556f9b58f9-8wzj4,controller,10.42.0.21,k3s-master,0.2,200000000,0
2023-04-01 09:02:10.234628,community-0-556f9b58f9-8wzj4,controller,10.42.0.21,k3s-master,0.2,200000000,0
2023-04-01 09:02:15.086934,community-0-556f9b58f9-8wzj4,controller,10.42.0.21,k3s-master,0.2,200000000,0
2023-04-01 09:02:19.934706,community-0-556f9b58f9-8wzj4,controller,10.42.0.21,k3s-master,0.2,200000000,0
2023-04-01 09:02:24.779996,community-0-556f9b58f9-8wzj4,controller,10.42.0.21,k3s-master,0.2,200000000,0
2023-04-01 09:02:29.625651,community-0-556f9b58f9-8wzj4,controller,10.42.0.21,k3s-master,0.2,200000000,0
2023-04-01 09:02:00.508412,graph-mst-2hot3y9n,graph-mst,10.42.2.124,ea-k3s-node-us-west-2-0,0.365,4294967296,69.888889
2023-04-01 09:02:05.390795,graph-mst-2hot3y9n,graph-mst,10.42.2.124,ea-k3s-node-us-west-2-0,0.2,4294967296,84.5
2023-04-01 09:02:10.234628,graph-mst-2hot3y9n,graph-mst,10.42.2.124,ea-k3s-node-us-west-2-0,0.2,4294967296,111
2023-04-01 09:02:15.086934,graph-mst-2hot3y9n,graph-mst,10.42.2.124,ea-k3s-node-us-west-2-0,0.3,4294967296,129.307692
2023-04-01 09:02:19.934706,graph-mst-2hot3y9n,graph-mst,10.42.2.124,ea-k3s-node-us-west-2-0,0.443,4294967296,151.7
2023-04-01 09:02:24.779996,graph-mst-2hot3y9n,graph-mst,10.42.2.124,ea-k3s-node-us-west-2-0,0.619,4294967296,145.181818
2023-04-01 09:02:29.625651,graph-mst-2hot3y9n,graph-mst,10.42.2.124,ea-k3s-node-us-west-2-0,0.766,4294967296,143.181818
2023-04-01 09:02:00.508412,graph-mst-z9tgbm68,graph-mst,10.42.3.141,ea-k3s-node-eu-west-2-1,1.032,4294967296,79.613333
2023-04-01 09:02:05.390795,graph-mst-z9tgbm68,graph-mst,10.42.3.141,ea-k3s-node-eu-west-2-1,0.722,4294967296,68.506329
2023-04-01 09:02:10.234628,graph-mst-z9tgbm68,graph-mst,10.42.3.141,ea-k3s-node-eu-west-2-1,0.722,4294967296,68.561798
2023-04-01 09:02:15.086934,graph-mst-z9tgbm68,graph-mst,10.42.3.141,ea-k3s-node-eu-west-2-1,0.481,4294967296,74.787879
2023-04-01 09:02:19.934706,graph-mst-z9tgbm68,graph-mst,10.42.3.141,ea-k3s-node-eu-west-2-1,0.348,4294967296,85.138614
2023-04-01 09:02:24.779996,graph-mst-z9tgbm68,graph-mst,10.42.3.141,ea-k3s-node-eu-west-2-1,0.391,4294967296,102.028302
2023-04-01 09:02:29.625651,graph-mst-z9tgbm68,graph-mst,10.42.3.141,ea-k3s-node-eu-west-2-1,0.484,4294967296,122.088496
2023-04-01 09:02:34.470515,community-0-556f9b58f9-8wzj4,controller,10.42.0.21,k3s-master,0.2,200000000,0
2023-04-01 09:02:39.354676,community-0-556f9b58f9-8wzj4,controller,10.42.0.21,k3s-master,0.2,200000000,0
2023-04-01 09:02:44.202581,community-0-556f9b58f9-8wzj4,controller,10.42.0.21,k3s-master,0.2,200000000,0
2023-04-01 09:02:49.052735,community-0-556f9b58f9-8wzj4,controller,10.42.0.21,k3s-master,0.2,200000000,0
2023-04-01 09:02:53.900426,community-0-556f9b58f9-8wzj4,controller,10.42.0.21,k3s-master,0.2,200000000,0
2023-04-01 09:02:58.746949,community-0-556f9b58f9-8wzj4,controller,10.42.0.21,k3s-master,0.2,200000000,0
2023-04-01 09:02:34.470515,graph-mst-2hot3y9n,graph-mst,10.42.2.124,ea-k3s-node-us-west-2-0,0.766,4294967296,149.9
2023-04-01 09:02:39.354676,graph-mst-2hot3y9n,graph-mst,10.42.2.124,ea-k3s-node-us-west-2-0,0.937,4294967296,103.25
2023-04-01 09:02:44.202581,graph-mst-2hot3y9n,graph-mst,10.42.2.124,ea-k3s-node-us-west-2-0,0.876,4294967296,79.8
2023-04-01 09:02:49.052735,graph-mst-2hot3y9n,graph-mst,10.42.2.124,ea-k3s-node-us-west-2-0,0.618,4294967296,66.75
2023-04-01 09:02:53.900426,graph-mst-2hot3y9n,graph-mst,10.42.2.124,ea-k3s-node-us-west-2-0,0.314,4294967296,64.625
2023-04-01 09:02:58.746949,graph-mst-2hot3y9n,graph-mst,10.42.2.124,ea-k3s-node-us-west-2-0,0.314,4294967296,77
2023-04-01 09:02:34.470515,graph-mst-z9tgbm68,graph-mst,10.42.3.141,ea-k3s-node-eu-west-2-1,0.484,4294967296,137.508333
2023-04-01 09:02:39.354676,graph-mst-z9tgbm68,graph-mst,10.42.3.141,ea-k3s-node-eu-west-2-1,0.639,4294967296,143.887097
2023-04-01 09:02:44.202581,graph-mst-z9tgbm68,graph-mst,10.42.3.141,ea-k3s-node-eu-west-2-1,0.811,4294967296,139.096
2023-04-01 09:02:49.052735,graph-mst-z9tgbm68,graph-mst,10.42.3.141,ea-k3s-node-eu-west-2-1,0.923,4294967296,128.794118
2023-04-01 09:02:53.900426,graph-mst-z9tgbm68,graph-mst,10.42.3.141,ea-k3s-node-eu-west-2-1,0.968,4294967296,112.09589
2023-04-01 09:02:58.746949,graph-mst-z9tgbm68,graph-mst,10.42.3.141,ea-k3s-node-eu-west-2-1,0.968,4294967296,95.861111
2023-04-01 09:03:03.594114,community-0-556f9b58f9-8wzj4,controller,10.42.0.21,k3s-master,0.2,200000000,0
2023-04-01 09:03:08.477273,community-0-556f9b58f9-8wzj4,controller,10.42.0.21,k3s-master,0.2,200000000,0
2023-04-01 09:03:13.361915,community-0-556f9b58f9-8wzj4,controller,10.42.0.21,k3s-master,0.2,200000000,0
2023-04-01 09:03:18.213126,community-0-556f9b58f9-8wzj4,controller,10.42.0.21,k3s-master,0.2,200000000,0
2023-04-01 09:03:23.058501,community-0-556f9b58f9-8wzj4,controller,10.42.0.21,k3s-master,0.2,200000000,0
2023-04-01 09:03:27.905808,community-0-556f9b58f9-8wzj4,controller,10.42.0.21,k3s-master,0.2,200000000,0
2023-04-01 09:03:03.594114,graph-mst-2hot3y9n,graph-mst,10.42.2.124,ea-k3s-node-us-west-2-0,0.205,4294967296,90.461538
2023-04-01 09:03:08.477273,graph-mst-2hot3y9n,graph-mst,10.42.2.124,ea-k3s-node-us-west-2-0,0.218,4294967296,128.933333
2023-04-01 09:03:13.361915,graph-mst-2hot3y9n,graph-mst,10.42.2.124,ea-k3s-node-us-west-2-0,0.327,4294967296,128.933333
2023-04-01 09:03:18.213126,graph-mst-2hot3y9n,graph-mst,10.42.2.124,ea-k3s-node-us-west-2-0,0.458,4294967296,137.4375
2023-04-01 09:03:23.058501,graph-mst-2hot3y9n,graph-mst,10.42.2.124,ea-k3s-node-us-west-2-0,0.614,4294967296,140.0625
2023-04-01 09:03:27.905808,graph-mst-2hot3y9n,graph-mst,10.42.2.124,ea-k3s-node-us-west-2-0,0.614,4294967296,140.714286
2023-04-01 09:03:03.594114,graph-mst-z9tgbm68,graph-mst,10.42.3.141,ea-k3s-node-eu-west-2-1,0.931,4294967296,83.151079
2023-04-01 09:03:08.477273,graph-mst-z9tgbm68,graph-mst,10.42.3.141,ea-k3s-node-eu-west-2-1,0.719,4294967296,71.030075
2023-04-01 09:03:13.361915,graph-mst-z9tgbm68,graph-mst,10.42.3.141,ea-k3s-node-eu-west-2-1,0.483,4294967296,85.561151
2023-04-01 09:03:18.213126,graph-mst-z9tgbm68,graph-mst,10.42.3.141,ea-k3s-node-eu-west-2-1,0.545,4294967296,98.56391
2023-04-01 09:03:23.058501,graph-mst-z9tgbm68,graph-mst,10.42.3.141,ea-k3s-node-eu-west-2-1,0.565,4294967296,101.604651
2023-04-01 09:03:27.905808,graph-mst-z9tgbm68,graph-mst,10.42.3.141,ea-k3s-node-eu-west-2-1,0.565,4294967296,123.925373
2023-04-01 09:03:32.749028,community-0-556f9b58f9-8wzj4,controller,10.42.0.21,k3s-master,0.2,200000000,0
2023-04-01 09:03:37.634706,community-0-556f9b58f9-8wzj4,controller,10.42.0.21,k3s-master,0.2,200000000,0
2023-04-01 09:03:42.48302,community-0-556f9b58f9-8wzj4,controller,10.42.0.21,k3s-master,0.2,200000000,0
2023-04-01 09:03:47.32916,community-0-556f9b58f9-8wzj4,controller,10.42.0.21,k3s-master,0.2,200000000,0
2023-04-01 09:03:52.178464,community-0-556f9b58f9-8wzj4,controller,10.42.0.21,k3s-master,0.2,200000000,0
2023-04-01 09:03:57.022886,community-0-556f9b58f9-8wzj4,controller,10.42.0.21,k3s-master,0.2,200000000,0
2023-04-01 09:03:32.749028,graph-mst-2hot3y9n,graph-mst,10.42.2.124,ea-k3s-node-us-west-2-0,0.755,4294967296,120.3
2023-04-01 09:03:37.634706,graph-mst-2hot3y9n,graph-mst,10.42.2.124,ea-k3s-node-us-west-2-0,0.792,4294967296,89.894737
2023-04-01 09:03:42.48302,graph-mst-2hot3y9n,graph-mst,10.42.2.124,ea-k3s-node-us-west-2-0,0.623,4294967296,84.541667
2023-04-01 09:03:47.32916,graph-mst-2hot3y9n,graph-mst,10.42.2.124,ea-k3s-node-us-west-2-0,0.467,4294967296,76.652174
2023-04-01 09:03:52.178464,graph-mst-2hot3y9n,graph-mst,10.42.2.124,ea-k3s-node-us-west-2-0,0.467,4294967296,77.68
2023-04-01 09:03:57.022886,graph-mst-2hot3y9n,graph-mst,10.42.2.124,ea-k3s-node-us-west-2-0,0.309,4294967296,95.730769
2023-04-01 09:03:32.749028,graph-mst-z9tgbm68,graph-mst,10.42.3.141,ea-k3s-node-eu-west-2-1,0.702,4294967296,123.090909
2023-04-01 09:03:37.634706,graph-mst-z9tgbm68,graph-mst,10.42.3.141,ea-k3s-node-eu-west-2-1,0.795,4294967296,125.910959
2023-04-01 09:03:42.48302,graph-mst-z9tgbm68,graph-mst,10.42.3.141,ea-k3s-node-eu-west-2-1,0.903,4294967296,118.427536
2023-04-01 09:03:47.32916,graph-mst-z9tgbm68,graph-mst,10.42.3.141,ea-k3s-node-eu-west-2-1,0.858,4294967296,100.093525
2023-04-01 09:03:52.178464,graph-mst-z9tgbm68,graph-mst,10.42.3.141,ea-k3s-node-eu-west-2-1,0.858,4294967296,96.12766
2023-04-01 09:03:57.022886,graph-mst-z9tgbm68,graph-mst,10.42.3.141,ea-k3s-node-eu-west-2-1,0.832,4294967296,81.564286
2023-04-01 09:04:01.87025,community-0-556f9b58f9-8wzj4,controller,10.42.0.21,k3s-master,0.2,200000000,0
2023-04-01 09:04:06.750941,community-0-556f9b58f9-8wzj4,controller,10.42.0.21,k3s-master,0.2,200000000,0
2023-04-01 09:04:11.60119,community-0-556f9b58f9-8wzj4,controller,10.42.0.21,k3s-master,0.2,200000000,0
2023-04-01 09:04:16.446266,community-0-556f9b58f9-8wzj4,controller,10.42.0.21,k3s-master,0.2,200000000,0
2023-04-01 09:04:21.294748,community-0-556f9b58f9-8wzj4,controller,10.42.0.21,k3s-master,0.2,200000000,0
2023-04-01 09:04:26.141238,community-0-556f9b58f9-8wzj4,controller,10.42.0.21,k3s-master,0.2,200000000,0
2023-04-01 09:04:01.87025,graph-mst-2hot3y9n,graph-mst,10.42.2.124,ea-k3s-node-us-west-2-0,0.391,4294967296,108.5
2023-04-01 09:04:06.750941,graph-mst-2hot3y9n,graph-mst,10.42.2.124,ea-k3s-node-us-west-2-0,0.43,4294967296,107.869565
2023-04-01 09:04:11.60119,graph-mst-2hot3y9n,graph-mst,10.42.2.124,ea-k3s-node-us-west-2-0,0.54,4294967296,123.166667
2023-04-01 09:04:16.446266,graph-mst-2hot3y9n,graph-mst,10.42.2.124,ea-k3s-node-us-west-2-0,0.54,4294967296,130.478261
2023-04-01 09:04:21.294748,graph-mst-2hot3y9n,graph-mst,10.42.2.124,ea-k3s-node-us-west-2-0,0.671,4294967296,126.791667
2023-04-01 09:04:26.141238,graph-mst-2hot3y9n,graph-mst,10.42.2.124,ea-k3s-node-us-west-2-0,0.781,4294967296,106.913043
2023-04-01 09:04:01.87025,graph-mst-z9tgbm68,graph-mst,10.42.3.141,ea-k3s-node-eu-west-2-1,0.602,4294967296,88.258993
2023-04-01 09:04:06.750941,graph-mst-z9tgbm68,graph-mst,10.42.3.141,ea-k3s-node-eu-west-2-1,0.588,4294967296,89.486301
2023-04-01 09:04:11.60119,graph-mst-z9tgbm68,graph-mst,10.42.3.141,ea-k3s-node-eu-west-2-1,0.579,4294967296,99.860759
2023-04-01 09:04:16.446266,graph-mst-z9tgbm68,graph-mst,10.42.3.141,ea-k3s-node-eu-west-2-1,0.579,4294967296,116.654321
2023-04-01 09:04:21.294748,graph-mst-z9tgbm68,graph-mst,10.42.3.141,ea-k3s-node-eu-west-2-1,0.695,4294967296,115.812865
2023-04-01 09:04:26.141238,graph-mst-z9tgbm68,graph-mst,10.42.3.141,ea-k3s-node-eu-west-2-1,0.758,4294967296,118.129944
2023-04-01 09:04:30.986402,community-0-556f9b58f9-8wzj4,controller,10.42.0.21,k3s-master,0.2,200000000,0
2023-04-01 09:04:35.868322,community-0-556f9b58f9-8wzj4,controller,10.42.0.21,k3s-master,0.2,200000000,0
2023-04-01 09:04:40.721167,community-0-556f9b58f9-8wzj4,controller,10.42.0.21,k3s-master,0.2,200000000,0
2023-04-01 09:04:45.566225,community-0-556f9b58f9-8wzj4,controller,10.42.0.21,k3s-master,0.2,200000000,0
2023-04-01 09:04:50.413329,community-0-556f9b58f9-8wzj4,controller,10.42.0.21,k3s-master,0.2,200000000,0
2023-04-01 09:04:55.261505,community-0-556f9b58f9-8wzj4,controller,10.42.0.21,k3s-master,0.2,200000000,0
2023-04-01 09:04:30.986402,graph-mst-2hot3y9n,graph-mst,10.42.2.124,ea-k3s-node-us-west-2-0,0.76,4294967296,96.818182
2023-04-01 09:04:35.868322,graph-mst-2hot3y9n,graph-mst,10.42.2.124,ea-k3s-node-us-west-2-0,0.682,4294967296,86.24
2023-04-01 09:04:40.721167,graph-mst-2hot3y9n,graph-mst,10.42.2.124,ea-k3s-node-us-west-2-0,0.682,4294967296,68.16
2023-04-01 09:04:45.566225,graph-mst-2hot3y9n,graph-mst,10.42.2.124,ea-k3s-node-us-west-2-0,0.35,4294967296,81.965517
2023-04-01 09:04:50.413329,graph-mst-2hot3y9n,graph-mst,10.42.2.124,ea-k3s-node-us-west-2-0,0.291,4294967296,100.413793
2023-04-01 09:04:55.261505,graph-mst-2hot3y9n,graph-mst,10.42.2.124,ea-k3s-node-us-west-2-0,0.349,4294967296,113.617647
2023-04-01 09:04:30.986402,graph-mst-z9tgbm68,graph-mst,10.42.3.141,ea-k3s-node-eu-west-2-1,0.85,4294967296,136.1
2023-04-01 09:04:35.868322,graph-mst-z9tgbm68,graph-mst,10.42.3.141,ea-k3s-node-eu-west-2-1,0.998,4294967296,131.518919
2023-04-01 09:04:40.721167,graph-mst-z9tgbm68,graph-mst,10.42.3.141,ea-k3s-node-eu-west-2-1,0.998,4294967296,123.235955
2023-04-01 09:04:45.566225,graph-mst-z9tgbm68,graph-mst,10.42.3.141,ea-k3s-node-eu-west-2-1,1.074,4294967296,113.901099
2023-04-01 09:04:50.413329,graph-mst-z9tgbm68,graph-mst,10.42.3.141,ea-k3s-node-eu-west-2-1,1.101,4294967296,103.926966
2023-04-01 09:04:55.261505,graph-mst-z9tgbm68,graph-mst,10.42.3.141,ea-k3s-node-eu-west-2-1,1.098,4294967296,100.80226
2023-04-01 09:05:00.107126,community-0-556f9b58f9-8wzj4,controller,10.42.0.21,k3s-master,0.2,200000000,0
2023-04-01 09:05:04.9935,community-0-556f9b58f9-8wzj4,controller,10.42.0.21,k3s-master,0.2,200000000,0
2023-04-01 09:05:09.839696,community-0-556f9b58f9-8wzj4,controller,10.42.0.21,k3s-master,0.2,200000000,0
2023-04-01 09:05:14.690871,community-0-556f9b58f9-8wzj4,controller,10.42.0.21,k3s-master,0.2,200000000,0
2023-04-01 09:05:19.534928,community-0-556f9b58f9-8wzj4,controller,10.42.0.21,k3s-master,0.2,200000000,0
2023-04-01 09:05:24.381741,community-0-556f9b58f9-8wzj4,controller,10.42.0.21,k3s-master,0.2,200000000,0
2023-04-01 09:05:29.229231,community-0-556f9b58f9-8wzj4,controller,10.42.0.21,k3s-master,0.2,200000000,0
2023-04-01 09:05:00.107126,graph-mst-2hot3y9n,graph-mst,10.42.2.124,ea-k3s-node-us-west-2-0,0.452,4294967296,117.181818
2023-04-01 09:05:04.9935,graph-mst-2hot3y9n,graph-mst,10.42.2.124,ea-k3s-node-us-west-2-0,0.576,4294967296,131.416667
2023-04-01 09:05:09.839696,graph-mst-2hot3y9n,graph-mst,10.42.2.124,ea-k3s-node-us-west-2-0,0.576,4294967296,153.55814
2023-04-01 09:05:14.690871,graph-mst-2hot3y9n,graph-mst,10.42.2.124,ea-k3s-node-us-west-2-0,0.779,4294967296,119.212121
2023-04-01 09:05:19.534928,graph-mst-2hot3y9n,graph-mst,10.42.2.124,ea-k3s-node-us-west-2-0,0.785,4294967296,125.168421
2023-04-01 09:05:24.381741,graph-mst-2hot3y9n,graph-mst,10.42.2.124,ea-k3s-node-us-west-2-0,0.857,4294967296,110.31405
2023-04-01 09:05:29.229231,graph-mst-2hot3y9n,graph-mst,10.42.2.124,ea-k3s-node-us-west-2-0,0.851,4294967296,101.503311
2023-04-01 09:05:00.107126,graph-mst-z9tgbm68,graph-mst,10.42.3.141,ea-k3s-node-eu-west-2-1,0.988,4294967296,72.157609
2023-04-01 09:05:04.9935,graph-mst-z9tgbm68,graph-mst,10.42.3.141,ea-k3s-node-eu-west-2-1,0.652,4294967296,67.65
2023-04-01 09:05:09.839696,graph-mst-z9tgbm68,graph-mst,10.42.3.141,ea-k3s-node-eu-west-2-1,0.652,4294967296,98.833333
2023-04-01 09:05:14.690871,graph-mst-z9tgbm68,graph-mst,10.42.3.141,ea-k3s-node-eu-west-2-1,0.759,4294967296,101.303571
2023-04-01 09:05:19.534928,graph-mst-z9tgbm68,graph-mst,10.42.3.141,ea-k3s-node-eu-west-2-1,0.778,4294967296,106.506944
2023-04-01 09:05:24.381741,graph-mst-z9tgbm68,graph-mst,10.42.3.141,ea-k3s-node-eu-west-2-1,0.835,4294967296,111.875
2023-04-01 09:05:29.229231,graph-mst-z9tgbm68,graph-mst,10.42.3.141,ea-k3s-node-eu-west-2-1,0.928,4294967296,123.059406
2023-04-01 09:05:34.076741,community-0-556f9b58f9-8wzj4,controller,10.42.0.21,k3s-master,0.2,200000000,0
2023-04-01 09:05:38.96468,community-0-556f9b58f9-8wzj4,controller,10.42.0.21,k3s-master,0.2,200000000,0
2023-04-01 09:05:43.814821,community-0-556f9b58f9-8wzj4,controller,10.42.0.21,k3s-master,0.2,200000000,0
2023-04-01 09:05:48.660975,community-0-556f9b58f9-8wzj4,controller,10.42.0.21,k3s-master,0.2,200000000,0
2023-04-01 09:05:53.506954,community-0-556f9b58f9-8wzj4,controller,10.42.0.21,k3s-master,0.2,200000000,0
2023-04-01 09:05:58.351941,community-0-556f9b58f9-8wzj4,controller,10.42.0.21,k3s-master,0.2,200000000,0
2023-04-01 09:05:34.076741,graph-mst-2hot3y9n,graph-mst,10.42.2.124,ea-k3s-node-us-west-2-0,0.851,4294967296,96.930233
2023-04-01 09:05:38.96468,graph-mst-2hot3y9n,graph-mst,10.42.2.124,ea-k3s-node-us-west-2-0,0.81,4294967296,95.078534
2023-04-01 09:05:43.814821,graph-mst-2hot3y9n,graph-mst,10.42.2.124,ea-k3s-node-us-west-2-0,0.727,4294967296,92.353933
2023-04-01 09:05:48.660975,graph-mst-2hot3y9n,graph-mst,10.42.2.124,ea-k3s-node-us-west-2-0,0.701,4294967296,78.843373
2023-04-01 09:05:53.506954,graph-mst-2hot3y9n,graph-mst,10.42.2.124,ea-k3s-node-us-west-2-0,0.52,4294967296,81.174194
2023-04-01 09:05:58.351941,graph-mst-2hot3y9n,graph-mst,10.42.2.124,ea-k3s-node-us-west-2-0,0.52,4294967296,85.971831
2023-04-01 09:05:34.076741,graph-mst-z9tgbm68,graph-mst,10.42.3.141,ea-k3s-node-eu-west-2-1,0.928,4294967296,138.350649
2023-04-01 09:05:38.96468,graph-mst-z9tgbm68,graph-mst,10.42.3.141,ea-k3s-node-eu-west-2-1,1.1,4294967296,64.225806
2023-04-01 09:05:43.814821,graph-mst-z9tgbm68,graph-mst,10.42.3.141,ea-k3s-node-eu-west-2-1,0.607,4294967296,74.112676
2023-04-01 09:05:48.660975,graph-mst-z9tgbm68,graph-mst,10.42.3.141,ea-k3s-node-eu-west-2-1,0.484,4294967296,80.441558
2023-04-01 09:05:53.506954,graph-mst-z9tgbm68,graph-mst,10.42.3.141,ea-k3s-node-eu-west-2-1,0.469,4294967296,90.120482
2023-04-01 09:05:58.351941,graph-mst-z9tgbm68,graph-mst,10.42.3.141,ea-k3s-node-eu-west-2-1,0.469,4294967296,148.74
2023-04-01 09:06:03.201006,community-0-556f9b58f9-8wzj4,controller,10.42.0.21,k3s-master,0.2,200000000,0
2023-04-01 09:06:08.086346,community-0-556f9b58f9-8wzj4,controller,10.42.0.21,k3s-master,0.2,200000000,0
2023-04-01 09:06:12.934061,community-0-556f9b58f9-8wzj4,controller,10.42.0.21,k3s-master,0.2,200000000,0
2023-04-01 09:06:17.77758,community-0-556f9b58f9-8wzj4,controller,10.42.0.21,k3s-master,0.2,200000000,0
2023-04-01 09:06:22.630036,community-0-556f9b58f9-8wzj4,controller,10.42.0.21,k3s-master,0.2,200000000,0
2023-04-01 09:06:27.476189,community-0-556f9b58f9-8wzj4,controller,10.42.0.21,k3s-master,0.2,200000000,0
2023-04-01 09:06:03.201006,graph-mst-2hot3y9n,graph-mst,10.42.2.124,ea-k3s-node-us-west-2-0,0.454,4294967296,99.310078
2023-04-01 09:06:08.086346,graph-mst-2hot3y9n,graph-mst,10.42.2.124,ea-k3s-node-us-west-2-0,0.498,4294967296,107.177419
2023-04-01 09:06:12.934061,graph-mst-2hot3y9n,graph-mst,10.42.2.124,ea-k3s-node-us-west-2-0,0.54,4294967296,113.008475
2023-04-01 09:06:17.77758,graph-mst-2hot3y9n,graph-mst,10.42.2.124,ea-k3s-node-us-west-2-0,0.711,4294967296,133.206897
2023-04-01 09:06:22.630036,graph-mst-2hot3y9n,graph-mst,10.42.2.124,ea-k3s-node-us-west-2-0,0.711,4294967296,137.228571
2023-04-01 09:06:27.476189,graph-mst-2hot3y9n,graph-mst,10.42.2.124,ea-k3s-node-us-west-2-0,0.851,4294967296,138.846939
2023-04-01 09:06:03.201006,graph-mst-z9tgbm68,graph-mst,10.42.3.141,ea-k3s-node-eu-west-2-1,0.703,4294967296,143.836364
2023-04-01 09:06:08.086346,graph-mst-z9tgbm68,graph-mst,10.42.3.141,ea-k3s-node-eu-west-2-1,0.847,4294967296,144.252252
2023-04-01 09:06:12.934061,graph-mst-z9tgbm68,graph-mst,10.42.3.141,ea-k3s-node-eu-west-2-1,0.982,4294967296,137.628099
2023-04-01 09:06:17.77758,graph-mst-z9tgbm68,graph-mst,10.42.3.141,ea-k3s-node-eu-west-2-1,1.097,4294967296,132.762295
2023-04-01 09:06:22.630036,graph-mst-z9tgbm68,graph-mst,10.42.3.141,ea-k3s-node-eu-west-2-1,1.097,4294967296,117.042553
2023-04-01 09:06:27.476189,graph-mst-z9tgbm68,graph-mst,10.42.3.141,ea-k3s-node-eu-west-2-1,1.154,4294967296,73.966216
2023-04-01 09:06:32.320952,community-0-556f9b58f9-8wzj4,controller,10.42.0.21,k3s-master,0.2,200000000,0
2023-04-01 09:06:37.20418,community-0-556f9b58f9-8wzj4,controller,10.42.0.21,k3s-master,0.2,200000000,0
2023-04-01 09:06:42.050939,community-0-556f9b58f9-8wzj4,controller,10.42.0.21,k3s-master,0.2,200000000,0
2023-04-01 09:06:46.902934,community-0-556f9b58f9-8wzj4,controller,10.42.0.21,k3s-master,0.2,200000000,0
2023-04-01 09:06:51.790091,community-0-556f9b58f9-8wzj4,controller,10.42.0.21,k3s-master,0.2,200000000,0
2023-04-01 09:06:56.637689,community-0-556f9b58f9-8wzj4,controller,10.42.0.21,k3s-master,0.2,200000000,0
2023-04-01 09:06:32.320952,graph-mst-2hot3y9n,graph-mst,10.42.2.124,ea-k3s-node-us-west-2-0,0.993,4294967296,119.752688
2023-04-01 09:06:37.20418,graph-mst-2hot3y9n,graph-mst,10.42.2.124,ea-k3s-node-us-west-2-0,0.997,4294967296,108.042105
2023-04-01 09:06:42.050939,graph-mst-2hot3y9n,graph-mst,10.42.2.124,ea-k3s-node-us-west-2-0,0.994,4294967296,102.106383
2023-04-01 09:06:46.902934,graph-mst-2hot3y9n,graph-mst,10.42.2.124,ea-k3s-node-us-west-2-0,0.633,4294967296,67.847826
2023-04-01 09:06:51.790091,graph-mst-2hot3y9n,graph-mst,10.42.2.124,ea-k3s-node-us-west-2-0,0.633,4294967296,67.824176
2023-04-01 09:06:56.637689,graph-mst-2hot3y9n,graph-mst,10.42.2.124,ea-k3s-node-us-west-2-0,0.381,4294967296,81.306122
2023-04-01 09:06:32.320952,graph-mst-z9tgbm68,graph-mst,10.42.3.141,ea-k3s-node-eu-west-2-1,0.85,4294967296,75.050633
2023-04-01 09:06:37.20418,graph-mst-z9tgbm68,graph-mst,10.42.3.141,ea-k3s-node-eu-west-2-1,0.726,4294967296,79.233918
2023-04-01 09:06:42.050939,graph-mst-z9tgbm68,graph-mst,10.42.3.141,ea-k3s-node-eu-west-2-1,0.584,4294967296,80.8
2023-04-01 09:06:46.902934,graph-mst-z9tgbm68,graph-mst,10.42.3.141,ea-k3s-node-eu-west-2-1,0.561,4294967296,93.394444
2023-04-01 09:06:51.790091,graph-mst-z9tgbm68,graph-mst,10.42.3.141,ea-k3s-node-eu-west-2-1,0.561,4294967296,102.449438
2023-04-01 09:06:56.637689,graph-mst-z9tgbm68,graph-mst,10.42.3.141,ea-k3s-node-eu-west-2-1,0.613,4294967296,108.220779
2023-04-01 09:07:01.484395,community-0-556f9b58f9-8wzj4,controller,10.42.0.21,k3s-master,0.2,200000000,0
2023-04-01 09:07:06.362934,community-0-556f9b58f9-8wzj4,controller,10.42.0.21,k3s-master,0.2,200000000,0
2023-04-01 09:07:11.211688,community-0-556f9b58f9-8wzj4,controller,10.42.0.21,k3s-master,0.2,200000000,0
2023-04-01 09:07:16.058367,community-0-556f9b58f9-8wzj4,controller,10.42.0.21,k3s-master,0.2,200000000,0
2023-04-01 09:07:20.911918,community-0-556f9b58f9-8wzj4,controller,10.42.0.21,k3s-master,0.2,200000000,0
2023-04-01 09:07:25.760454,community-0-556f9b58f9-8wzj4,controller,10.42.0.21,k3s-master,0.2,200000000,0
2023-04-01 09:07:01.484395,graph-mst-2hot3y9n,graph-mst,10.42.2.124,ea-k3s-node-us-west-2-0,0.339,4294967296,90.362637
2023-04-01 09:07:06.362934,graph-mst-2hot3y9n,graph-mst,10.42.2.124,ea-k3s-node-us-west-2-0,0.337,4294967296,110.52381
2023-04-01 09:07:11.211688,graph-mst-2hot3y9n,graph-mst,10.42.2.124,ea-k3s-node-us-west-2-0,0.485,4294967296,124.072289
2023-04-01 09:07:16.058367,graph-mst-2hot3y9n,graph-mst,10.42.2.124,ea-k3s-node-us-west-2-0,0.485,4294967296,146.011905
2023-04-01 09:07:20.911918,graph-mst-2hot3y9n,graph-mst,10.42.2.124,ea-k3s-node-us-west-2-0,0.677,4294967296,142.897727
2023-04-01 09:07:25.760454,graph-mst-2hot3y9n,graph-mst,10.42.2.124,ea-k3s-node-us-west-2-0,0.82,4294967296,131.232558
2023-04-01 09:07:01.484395,graph-mst-z9tgbm68,graph-mst,10.42.3.141,ea-k3s-node-eu-west-2-1,0.661,4294967296,114.506849
2023-04-01 09:07:06.362934,graph-mst-z9tgbm68,graph-mst,10.42.3.141,ea-k3s-node-eu-west-2-1,0.797,4294967296,143.81875
2023-04-01 09:07:11.211688,graph-mst-z9tgbm68,graph-mst,10.42.3.141,ea-k3s-node-eu-west-2-1,0.978,4294967296,145.36875
2023-04-01 09:07:16.058367,graph-mst-z9tgbm68,graph-mst,10.42.3.141,ea-k3s-node-eu-west-2-1,0.978,4294967296,135.357143
2023-04-01 09:07:20.911918,graph-mst-z9tgbm68,graph-mst,10.42.3.141,ea-k3s-node-eu-west-2-1,1.094,4294967296,126.566265
2023-04-01 09:07:25.760454,graph-mst-z9tgbm68,graph-mst,10.42.3.141,ea-k3s-node-eu-west-2-1,1.159,4294967296,117.668571
2023-04-01 09:07:30.607673,community-0-556f9b58f9-8wzj4,controller,10.42.0.21,k3s-master,0.2,200000000,0
2023-04-01 09:07:35.487949,community-0-556f9b58f9-8wzj4,controller,10.42.0.21,k3s-master,0.2,200000000,0
2023-04-01 09:07:40.343476,community-0-556f9b58f9-8wzj4,controller,10.42.0.21,k3s-master,0.2,200000000,0
2023-04-01 09:07:45.202944,community-0-556f9b58f9-8wzj4,controller,10.42.0.21,k3s-master,0.2,200000000,0
2023-04-01 09:07:50.050637,community-0-556f9b58f9-8wzj4,controller,10.42.0.21,k3s-master,0.2,200000000,0
2023-04-01 09:07:54.899267,community-0-556f9b58f9-8wzj4,controller,10.42.0.21,k3s-master,0.2,200000000,0
2023-04-01 09:07:59.747557,community-0-556f9b58f9-8wzj4,controller,10.42.0.21,k3s-master,0.2,200000000,0
2023-04-01 09:07:30.607673,graph-mst-2hot3y9n,graph-mst,10.42.2.124,ea-k3s-node-us-west-2-0,0.91,4294967296,123.362637
2023-04-01 09:07:35.487949,graph-mst-2hot3y9n,graph-mst,10.42.2.124,ea-k3s-node-us-west-2-0,0.964,4294967296,112.351648
2023-04-01 09:07:40.343476,graph-mst-2hot3y9n,graph-mst,10.42.2.124,ea-k3s-node-us-west-2-0,0.964,4294967296,92.586957
2023-04-01 09:07:45.202944,graph-mst-2hot3y9n,graph-mst,10.42.2.124,ea-k3s-node-us-west-2-0,0.871,4294967296,74.185567
2023-04-01 09:07:50.050637,graph-mst-2hot3y9n,graph-mst,10.42.2.124,ea-k3s-node-us-west-2-0,0.626,4294967296,69.752688
2023-04-01 09:07:54.899267,graph-mst-2hot3y9n,graph-mst,10.42.2.124,ea-k3s-node-us-west-2-0,0.36,4294967296,88.225806
2023-04-01 09:07:59.747557,graph-mst-2hot3y9n,graph-mst,10.42.2.124,ea-k3s-node-us-west-2-0,0.492,4294967296,104.260417
2023-04-01 09:07:30.607673,graph-mst-z9tgbm68,graph-mst,10.42.3.141,ea-k3s-node-eu-west-2-1,1.195,4294967296,108.661202
2023-04-01 09:07:35.487949,graph-mst-z9tgbm68,graph-mst,10.42.3.141,ea-k3s-node-eu-west-2-1,1.014,4294967296,78.238095
2023-04-01 09:07:40.343476,graph-mst-z9tgbm68,graph-mst,10.42.3.141,ea-k3s-node-eu-west-2-1,1.014,4294967296,72.765823
2023-04-01 09:07:45.202944,graph-mst-z9tgbm68,graph-mst,10.42.3.141,ea-k3s-node-eu-west-2-1,0.773,4294967296,74.628049
2023-04-01 09:07:50.050637,graph-mst-z9tgbm68,graph-mst,10.42.3.141,ea-k3s-node-eu-west-2-1,0.606,4294967296,89.325153
2023-04-01 09:07:54.899267,graph-mst-z9tgbm68,graph-mst,10.42.3.141,ea-k3s-node-eu-west-2-1,0.686,4294967296,100.680233
2023-04-01 09:07:59.747557,graph-mst-z9tgbm68,graph-mst,10.42.3.141,ea-k3s-node-eu-west-2-1,0.71,4294967296,105.313609
2023-04-01 09:08:04.597618,community-0-556f9b58f9-8wzj4,controller,10.42.0.21,k3s-master,0.2,200000000,0
2023-04-01 09:08:09.484109,community-0-556f9b58f9-8wzj4,controller,10.42.0.21,k3s-master,0.2,200000000,0
2023-04-01 09:08:14.331038,community-0-556f9b58f9-8wzj4,controller,10.42.0.21,k3s-master,0.2,200000000,0
2023-04-01 09:08:19.174711,community-0-556f9b58f9-8wzj4,controller,10.42.0.21,k3s-master,0.2,200000000,0
2023-04-01 09:08:24.026942,community-0-556f9b58f9-8wzj4,controller,10.42.0.21,k3s-master,0.2,200000000,0
2023-04-01 09:08:28.8731,community-0-556f9b58f9-8wzj4,controller,10.42.0.21,k3s-master,0.2,200000000,0
2023-04-01 09:08:04.597618,graph-mst-2hot3y9n,graph-mst,10.42.2.124,ea-k3s-node-us-west-2-0,0.492,4294967296,113.352941
2023-04-01 09:08:09.484109,graph-mst-2hot3y9n,graph-mst,10.42.2.124,ea-k3s-node-us-west-2-0,0.567,4294967296,115.454545
2023-04-01 09:08:14.331038,graph-mst-2hot3y9n,graph-mst,10.42.2.124,ea-k3s-node-us-west-2-0,0.643,4294967296,118.245455
2023-04-01 09:08:19.174711,graph-mst-2hot3y9n,graph-mst,10.42.2.124,ea-k3s-node-us-west-2-0,0.711,4294967296,116.033058
2023-04-01 09:08:24.026942,graph-mst-2hot3y9n,graph-mst,10.42.2.124,ea-k3s-node-us-west-2-0,0.768,4294967296,112.504274
2023-04-01 09:08:28.8731,graph-mst-2hot3y9n,graph-mst,10.42.2.124,ea-k3s-node-us-west-2-0,0.635,4294967296,88.070175
2023-04-01 09:08:04.597618,graph-mst-z9tgbm68,graph-mst,10.42.3.141,ea-k3s-node-eu-west-2-1,0.71,4294967296,104.867052
2023-04-01 09:08:09.484109,graph-mst-z9tgbm68,graph-mst,10.42.3.141,ea-k3s-node-eu-west-2-1,0.731,4294967296,105.564972
2023-04-01 09:08:14.331038,graph-mst-z9tgbm68,graph-mst,10.42.3.141,ea-k3s-node-eu-west-2-1,0.763,4294967296,102.842105
2023-04-01 09:08:19.174711,graph-mst-z9tgbm68,graph-mst,10.42.3.141,ea-k3s-node-eu-west-2-1,0.784,4294967296,96.189349
2023-04-01 09:08:24.026942,graph-mst-z9tgbm68,graph-mst,10.42.3.141,ea-k3s-node-eu-west-2-1,0.669,4294967296,87.615854
2023-04-01 09:08:28.8731,graph-mst-z9tgbm68,graph-mst,10.42.3.141,ea-k3s-node-eu-west-2-1,0.61,4294967296,88.850932
2023-04-01 09:08:33.72327,community-0-556f9b58f9-8wzj4,controller,10.42.0.21,k3s-master,0.2,200000000,0
2023-04-01 09:08:38.604381,community-0-556f9b58f9-8wzj4,controller,10.42.0.21,k3s-master,0.2,200000000,0
2023-04-01 09:08:43.452787,community-0-556f9b58f9-8wzj4,controller,10.42.0.21,k3s-master,0.2,200000000,0
2023-04-01 09:08:48.302603,community-0-556f9b58f9-8wzj4,controller,10.42.0.21,k3s-master,0.2,200000000,0
2023-04-01 09:08:53.14928,community-0-556f9b58f9-8wzj4,controller,10.42.0.21,k3s-master,0.2,200000000,0
2023-04-01 09:08:57.994935,community-0-556f9b58f9-8wzj4,controller,10.42.0.21,k3s-master,0.2,200000000,0
2023-04-01 09:08:33.72327,graph-mst-2hot3y9n,graph-mst,10.42.2.124,ea-k3s-node-us-west-2-0,0.635,4294967296,78.803738
2023-04-01 09:08:38.604381,graph-mst-2hot3y9n,graph-mst,10.42.2.124,ea-k3s-node-us-west-2-0,0.481,4294967296,82.019802
2023-04-01 09:08:43.452787,graph-mst-2hot3y9n,graph-mst,10.42.2.124,ea-k3s-node-us-west-2-0,0.356,4294967296,110.083333
2023-04-01 09:08:48.302603,graph-mst-2hot3y9n,graph-mst,10.42.2.124,ea-k3s-node-us-west-2-0,0.534,4294967296,286.413793
2023-04-01 09:08:53.14928,graph-mst-2hot3y9n,graph-mst,10.42.2.124,ea-k3s-node-us-west-2-0,0.801,4294967296,285.333333
2023-04-01 09:08:57.994935,graph-mst-2hot3y9n,graph-mst,10.42.2.124,ea-k3s-node-us-west-2-0,0.801,4294967296,267.22449
2023-04-01 09:08:33.72327,graph-mst-z9tgbm68,graph-mst,10.42.3.141,ea-k3s-node-eu-west-2-1,0.61,4294967296,97.50303
2023-04-01 09:08:38.604381,graph-mst-z9tgbm68,graph-mst,10.42.3.141,ea-k3s-node-eu-west-2-1,0.617,4294967296,111.05848
2023-04-01 09:08:43.452787,graph-mst-z9tgbm68,graph-mst,10.42.3.141,ea-k3s-node-eu-west-2-1,0.749,4294967296,133.615819
2023-04-01 09:08:48.302603,graph-mst-z9tgbm68,graph-mst,10.42.3.141,ea-k3s-node-eu-west-2-1,0.893,4294967296,134.863905
2023-04-01 09:08:53.14928,graph-mst-z9tgbm68,graph-mst,10.42.3.141,ea-k3s-node-eu-west-2-1,0.999,4294967296,128.45977
2023-04-01 09:08:57.994935,graph-mst-z9tgbm68,graph-mst,10.42.3.141,ea-k3s-node-eu-west-2-1,0.999,4294967296,126.041916
2023-04-01 09:09:02.840748,community-0-556f9b58f9-8wzj4,controller,10.42.0.21,k3s-master,0.2,200000000,0
2023-04-01 09:09:07.72704,community-0-556f9b58f9-8wzj4,controller,10.42.0.21,k3s-master,0.2,200000000,0
2023-04-01 09:09:12.577831,community-0-556f9b58f9-8wzj4,controller,10.42.0.21,k3s-master,0.2,200000000,0
2023-04-01 09:09:17.427571,community-0-556f9b58f9-8wzj4,controller,10.42.0.21,k3s-master,0.2,200000000,0
2023-04-01 09:09:22.275829,community-0-556f9b58f9-8wzj4,controller,10.42.0.21,k3s-master,0.2,200000000,0
2023-04-01 09:09:27.122933,community-0-556f9b58f9-8wzj4,controller,10.42.0.21,k3s-master,0.2,200000000,0
2023-04-01 09:09:02.840748,graph-mst-2hot3y9n,graph-mst,10.42.2.124,ea-k3s-node-us-west-2-0,1.109,4294967296,260.257426
2023-04-01 09:09:07.72704,graph-mst-2hot3y9n,graph-mst,10.42.2.124,ea-k3s-node-us-west-2-0,1.408,4294967296,248.142857
2023-04-01 09:09:12.577831,graph-mst-2hot3y9n,graph-mst,10.42.2.124,ea-k3s-node-us-west-2-0,1.698,4294967296,219.931373
2023-04-01 09:09:17.427571,graph-mst-2hot3y9n,graph-mst,10.42.2.124,ea-k3s-node-us-west-2-0,1.938,4294967296,136.415842
2023-04-01 09:09:22.275829,graph-mst-2hot3y9n,graph-mst,10.42.2.124,ea-k3s-node-us-west-2-0,1.938,4294967296,66.078431
2023-04-01 09:09:27.122933,graph-mst-2hot3y9n,graph-mst,10.42.2.124,ea-k3s-node-us-west-2-0,1.422,4294967296,63.229358
2023-04-01 09:09:02.840748,graph-mst-z9tgbm68,graph-mst,10.42.3.141,ea-k3s-node-eu-west-2-1,1.087,4294967296,117.119497
2023-04-01 09:09:07.72704,graph-mst-z9tgbm68,graph-mst,10.42.3.141,ea-k3s-node-eu-west-2-1,1.142,4294967296,99.973684
2023-04-01 09:09:12.577831,graph-mst-z9tgbm68,graph-mst,10.42.3.141,ea-k3s-node-eu-west-2-1,0.815,4294967296,75.484472
2023-04-01 09:09:17.427571,graph-mst-z9tgbm68,graph-mst,10.42.3.141,ea-k3s-node-eu-west-2-1,0.648,4294967296,74.836257
2023-04-01 09:09:22.275829,graph-mst-z9tgbm68,graph-mst,10.42.3.141,ea-k3s-node-eu-west-2-1,0.648,4294967296,76.884146
2023-04-01 09:09:27.122933,graph-mst-z9tgbm68,graph-mst,10.42.3.141,ea-k3s-node-eu-west-2-1,0.498,4294967296,104.215569
2023-04-01 09:09:31.97563,community-0-556f9b58f9-8wzj4,controller,10.42.0.21,k3s-master,0.2,200000000,0
2023-04-01 09:09:36.862944,community-0-556f9b58f9-8wzj4,controller,10.42.0.21,k3s-master,0.2,200000000,0
2023-04-01 09:09:41.709835,community-0-556f9b58f9-8wzj4,controller,10.42.0.21,k3s-master,0.2,200000000,0
2023-04-01 09:09:46.555417,community-0-556f9b58f9-8wzj4,controller,10.42.0.21,k3s-master,0.2,200000000,0
2023-04-01 09:09:51.402163,community-0-556f9b58f9-8wzj4,controller,10.42.0.21,k3s-master,0.2,200000000,0
2023-04-01 09:09:56.247352,community-0-556f9b58f9-8wzj4,controller,10.42.0.21,k3s-master,0.2,200000000,0
2023-04-01 09:09:31.97563,graph-mst-2hot3y9n,graph-mst,10.42.2.124,ea-k3s-node-us-west-2-0,1.11,4294967296,63.141593
2023-04-01 09:09:36.862944,graph-mst-2hot3y9n,graph-mst,10.42.2.124,ea-k3s-node-us-west-2-0,0.816,4294967296,65.763158
2023-04-01 09:09:41.709835,graph-mst-2hot3y9n,graph-mst,10.42.2.124,ea-k3s-node-us-west-2-0,0.641,4294967296,70.735537
2023-04-01 09:09:46.555417,graph-mst-2hot3y9n,graph-mst,10.42.2.124,ea-k3s-node-us-west-2-0,0.641,4294967296,76.032787
2023-04-01 09:09:51.402163,graph-mst-2hot3y9n,graph-mst,10.42.2.124,ea-k3s-node-us-west-2-0,0.511,4294967296,78.765217
2023-04-01 09:09:56.247352,graph-mst-2hot3y9n,graph-mst,10.42.2.124,ea-k3s-node-us-west-2-0,0.39,4294967296,114.803738
2023-04-01 09:09:31.97563,graph-mst-z9tgbm68,graph-mst,10.42.3.141,ea-k3s-node-eu-west-2-1,0.645,4294967296,113.676471
2023-04-01 09:09:36.862944,graph-mst-z9tgbm68,graph-mst,10.42.3.141,ea-k3s-node-eu-west-2-1,0.696,4294967296,118.745946
2023-04-01 09:09:41.709835,graph-mst-z9tgbm68,graph-mst,10.42.3.141,ea-k3s-node-eu-west-2-1,0.811,4294967296,125.20442
2023-04-01 09:09:46.555417,graph-mst-z9tgbm68,graph-mst,10.42.3.141,ea-k3s-node-eu-west-2-1,0.811,4294967296,122.342857
2023-04-01 09:09:51.402163,graph-mst-z9tgbm68,graph-mst,10.42.3.141,ea-k3s-node-eu-west-2-1,0.899,4294967296,118.662921
2023-04-01 09:09:56.247352,graph-mst-z9tgbm68,graph-mst,10.42.3.141,ea-k3s-node-eu-west-2-1,0.973,4294967296,104.977401
2023-04-01 09:10:01.102969,community-0-556f9b58f9-8wzj4,controller,10.42.0.21,k3s-master,0.2,200000000,0
2023-04-01 09:10:05.984372,community-0-556f9b58f9-8wzj4,controller,10.42.0.21,k3s-master,0.2,200000000,0
2023-04-01 09:10:10.832638,community-0-556f9b58f9-8wzj4,controller,10.42.0.21,k3s-master,0.2,200000000,0
2023-04-01 09:10:15.67895,community-0-556f9b58f9-8wzj4,controller,10.42.0.21,k3s-master,0.2,200000000,0
2023-04-01 09:10:20.527209,community-0-556f9b58f9-8wzj4,controller,10.42.0.21,k3s-master,0.2,200000000,0
2023-04-01 09:10:25.376877,community-0-556f9b58f9-8wzj4,controller,10.42.0.21,k3s-master,0.2,200000000,0
2023-04-01 09:10:01.102969,graph-mst-2hot3y9n,graph-mst,10.42.2.124,ea-k3s-node-us-west-2-0,0.554,4294967296,137.654206
2023-04-01 09:10:05.984372,graph-mst-2hot3y9n,graph-mst,10.42.2.124,ea-k3s-node-us-west-2-0,0.768,4294967296,150.259615
2023-04-01 09:10:10.832638,graph-mst-2hot3y9n,graph-mst,10.42.2.124,ea-k3s-node-us-west-2-0,0.768,4294967296,150.701031
2023-04-01 09:10:15.67895,graph-mst-2hot3y9n,graph-mst,10.42.2.124,ea-k3s-node-us-west-2-0,0.932,4294967296,142.578431
2023-04-01 09:10:20.527209,graph-mst-2hot3y9n,graph-mst,10.42.2.124,ea-k3s-node-us-west-2-0,1.071,4294967296,136.788991
2023-04-01 09:10:25.376877,graph-mst-2hot3y9n,graph-mst,10.42.2.124,ea-k3s-node-us-west-2-0,1.199,4294967296,109.72381
2023-04-01 09:10:01.102969,graph-mst-z9tgbm68,graph-mst,10.42.3.141,ea-k3s-node-eu-west-2-1,0.876,4294967296,86.790055
2023-04-01 09:10:05.984372,graph-mst-z9tgbm68,graph-mst,10.42.3.141,ea-k3s-node-eu-west-2-1,0.829,4294967296,84.267045
2023-04-01 09:10:10.832638,graph-mst-z9tgbm68,graph-mst,10.42.3.141,ea-k3s-node-eu-west-2-1,0.829,4294967296,83.764368
2023-04-01 09:10:15.67895,graph-mst-z9tgbm68,graph-mst,10.42.3.141,ea-k3s-node-eu-west-2-1,0.697,4294967296,82.158537
2023-04-01 09:10:20.527209,graph-mst-z9tgbm68,graph-mst,10.42.3.141,ea-k3s-node-eu-west-2-1,0.583,4294967296,93.109756
2023-04-01 09:10:25.376877,graph-mst-z9tgbm68,graph-mst,10.42.3.141,ea-k3s-node-eu-west-2-1,0.59,4294967296,95.730539
2023-04-01 09:10:30.226938,community-0-556f9b58f9-8wzj4,controller,10.42.0.21,k3s-master,0.2,200000000,0
2023-04-01 09:10:35.106928,community-0-556f9b58f9-8wzj4,controller,10.42.0.21,k3s-master,0.2,200000000,0
2023-04-01 09:10:39.959174,community-0-556f9b58f9-8wzj4,controller,10.42.0.21,k3s-master,0.2,200000000,0
2023-04-01 09:10:44.803965,community-0-556f9b58f9-8wzj4,controller,10.42.0.21,k3s-master,0.2,200000000,0
2023-04-01 09:10:49.662502,community-0-556f9b58f9-8wzj4,controller,10.42.0.21,k3s-master,0.2,200000000,0
2023-04-01 09:10:54.511326,community-0-556f9b58f9-8wzj4,controller,10.42.0.21,k3s-master,0.2,200000000,0
2023-04-01 09:10:59.358466,community-0-556f9b58f9-8wzj4,controller,10.42.0.21,k3s-master,0.2,200000000,0
2023-04-01 09:10:30.226938,graph-mst-2hot3y9n,graph-mst,10.42.2.124,ea-k3s-node-us-west-2-0,1.116,4294967296,80.101852
2023-04-01 09:10:35.106928,graph-mst-2hot3y9n,graph-mst,10.42.2.124,ea-k3s-node-us-west-2-0,0.843,4294967296,67.550459
2023-04-01 09:10:39.959174,graph-mst-2hot3y9n,graph-mst,10.42.2.124,ea-k3s-node-us-west-2-0,0.843,4294967296,67.327103
2023-04-01 09:10:44.803965,graph-mst-2hot3y9n,graph-mst,10.42.2.124,ea-k3s-node-us-west-2-0,0.566,4294967296,68.838384
2023-04-01 09:10:49.662502,graph-mst-2hot3y9n,graph-mst,10.42.2.124,ea-k3s-node-us-west-2-0,0.352,4294967296,96.581633
2023-04-01 09:10:54.511326,graph-mst-2hot3y9n,graph-mst,10.42.2.124,ea-k3s-node-us-west-2-0,0.528,4294967296,297.830357
2023-04-01 09:10:59.358466,graph-mst-2hot3y9n,graph-mst,10.42.2.124,ea-k3s-node-us-west-2-0,0.792,4294967296,448.198347
2023-04-01 09:10:30.226938,graph-mst-z9tgbm68,graph-mst,10.42.3.141,ea-k3s-node-eu-west-2-1,0.59,4294967296,98.738562
2023-04-01 09:10:35.106928,graph-mst-z9tgbm68,graph-mst,10.42.3.141,ea-k3s-node-eu-west-2-1,0.579,4294967296,98.027397
2023-04-01 09:10:39.959174,graph-mst-z9tgbm68,graph-mst,10.42.3.141,ea-k3s-node-eu-west-2-1,0.579,4294967296,106.909091
2023-04-01 09:10:44.803965,graph-mst-z9tgbm68,graph-mst,10.42.3.141,ea-k3s-node-eu-west-2-1,0.626,4294967296,112.4
2023-04-01 09:10:49.662502,graph-mst-z9tgbm68,graph-mst,10.42.3.141,ea-k3s-node-eu-west-2-1,0.673,4294967296,103.688525
2023-04-01 09:10:54.511326,graph-mst-z9tgbm68,graph-mst,10.42.3.141,ea-k3s-node-eu-west-2-1,0.681,4294967296,104.714286
2023-04-01 09:10:59.358466,graph-mst-z9tgbm68,graph-mst,10.42.3.141,ea-k3s-node-eu-west-2-1,0.693,4294967296,104.505882
2023-04-01 09:11:04.206675,community-0-556f9b58f9-8wzj4,controller,10.42.0.21,k3s-master,0.2,200000000,0
2023-04-01 09:11:09.090313,community-0-556f9b58f9-8wzj4,controller,10.42.0.21,k3s-master,0.2,200000000,0
2023-04-01 09:11:13.93744,community-0-556f9b58f9-8wzj4,controller,10.42.0.21,k3s-master,0.2,200000000,0
2023-04-01 09:11:18.780425,community-0-556f9b58f9-8wzj4,controller,10.42.0.21,k3s-master,0.2,200000000,0
2023-04-01 09:11:23.630206,community-0-556f9b58f9-8wzj4,controller,10.42.0.21,k3s-master,0.2,200000000,0
2023-04-01 09:11:28.479104,community-0-556f9b58f9-8wzj4,controller,10.42.0.21,k3s-master,0.2,200000000,0
2023-04-01 09:11:04.206675,graph-mst-2hot3y9n,graph-mst,10.42.2.124,ea-k3s-node-us-west-2-0,0.792,4294967296,411.860294
2023-04-01 09:11:09.090313,graph-mst-2hot3y9n,graph-mst,10.42.2.124,ea-k3s-node-us-west-2-0,1.166,4294967296,381.322148
2023-04-01 09:11:13.93744,graph-mst-2hot3y9n,graph-mst,10.42.2.124,ea-k3s-node-us-west-2-0,1.529,4294967296,344.083333
2023-04-01 09:11:18.780425,graph-mst-2hot3y9n,graph-mst,10.42.2.124,ea-k3s-node-us-west-2-0,1.863,4294967296,313.883333
2023-04-01 09:11:23.630206,graph-mst-2hot3y9n,graph-mst,10.42.2.124,ea-k3s-node-us-west-2-0,2.169,4294967296,197.657754
2023-04-01 09:11:28.479104,graph-mst-2hot3y9n,graph-mst,10.42.2.124,ea-k3s-node-us-west-2-0,2.169,4294967296,91.8
2023-04-01 09:11:04.206675,graph-mst-z9tgbm68,graph-mst,10.42.3.141,ea-k3s-node-eu-west-2-1,0.693,4294967296,104.16
2023-04-01 09:11:09.090313,graph-mst-z9tgbm68,graph-mst,10.42.3.141,ea-k3s-node-eu-west-2-1,0.707,4294967296,87.566667
2023-04-01 09:11:13.93744,graph-mst-z9tgbm68,graph-mst,10.42.3.141,ea-k3s-node-eu-west-2-1,0.546,4294967296,67.428571
2023-04-01 09:11:18.780425,graph-mst-z9tgbm68,graph-mst,10.42.3.141,ea-k3s-node-eu-west-2-1,0.244,4294967296,80.095238
2023-04-01 09:11:23.630206,graph-mst-z9tgbm68,graph-mst,10.42.3.141,ea-k3s-node-eu-west-2-1,0.259,4294967296,99.651163
2023-04-01 09:11:28.479104,graph-mst-z9tgbm68,graph-mst,10.42.3.141,ea-k3s-node-eu-west-2-1,0.259,4294967296,172.520833
2023-04-01 09:11:33.327385,community-0-556f9b58f9-8wzj4,controller,10.42.0.21,k3s-master,0.2,200000000,0
2023-04-01 09:11:38.214818,community-0-556f9b58f9-8wzj4,controller,10.42.0.21,k3s-master,0.2,200000000,0
2023-04-01 09:11:43.058696,community-0-556f9b58f9-8wzj4,controller,10.42.0.21,k3s-master,0.2,200000000,0
2023-04-01 09:11:47.906163,community-0-556f9b58f9-8wzj4,controller,10.42.0.21,k3s-master,0.2,200000000,0
2023-04-01 09:11:52.755822,community-0-556f9b58f9-8wzj4,controller,10.42.0.21,k3s-master,0.2,200000000,0
2023-04-01 09:11:57.60428,community-0-556f9b58f9-8wzj4,controller,10.42.0.21,k3s-master,0.2,200000000,0
2023-04-01 09:11:33.327385,graph-mst-2hot3y9n,graph-mst,10.42.2.124,ea-k3s-node-us-west-2-0,1.952,4294967296,74.333333
2023-04-01 09:11:38.214818,graph-mst-2hot3y9n,graph-mst,10.42.2.124,ea-k3s-node-us-west-2-0,1.693,4294967296,73.789474
2023-04-01 09:11:43.058696,graph-mst-2hot3y9n,graph-mst,10.42.2.124,ea-k3s-node-us-west-2-0,1.508,4294967296,74.100592
2023-04-01 09:11:47.906163,graph-mst-2hot3y9n,graph-mst,10.42.2.124,ea-k3s-node-us-west-2-0,1.336,4294967296,74.69697
2023-04-01 09:11:52.755822,graph-mst-2hot3y9n,graph-mst,10.42.2.124,ea-k3s-node-us-west-2-0,1.336,4294967296,74.389222
2023-04-01 09:11:57.60428,graph-mst-2hot3y9n,graph-mst,10.42.2.124,ea-k3s-node-us-west-2-0,1.16,4294967296,64.556886
2023-04-01 09:11:33.327385,graph-mst-z9tgbm68,graph-mst,10.42.3.141,ea-k3s-node-eu-west-2-1,0.388,4294967296,182.541667
2023-04-01 09:11:38.214818,graph-mst-z9tgbm68,graph-mst,10.42.3.141,ea-k3s-node-eu-west-2-1,0.582,4294967296,184.244898
2023-04-01 09:11:43.058696,graph-mst-z9tgbm68,graph-mst,10.42.3.141,ea-k3s-node-eu-west-2-1,0.82,4294967296,180.1
2023-04-01 09:11:47.906163,graph-mst-z9tgbm68,graph-mst,10.42.3.141,ea-k3s-node-eu-west-2-1,1.025,4294967296,171.137255
2023-04-01 09:11:52.755822,graph-mst-z9tgbm68,graph-mst,10.42.3.141,ea-k3s-node-eu-west-2-1,1.025,4294967296,155.811321
2023-04-01 09:11:57.60428,graph-mst-z9tgbm68,graph-mst,10.42.3.141,ea-k3s-node-eu-west-2-1,1.193,4294967296,80.705882
2023-04-01 09:12:02.503702,community-0-556f9b58f9-8wzj4,controller,10.42.0.21,k3s-master,0.2,200000000,0
2023-04-01 09:12:07.390933,community-0-556f9b58f9-8wzj4,controller,10.42.0.21,k3s-master,0.2,200000000,0
2023-04-01 09:12:12.236137,community-0-556f9b58f9-8wzj4,controller,10.42.0.21,k3s-master,0.2,200000000,0
2023-04-01 09:12:17.082939,community-0-556f9b58f9-8wzj4,controller,10.42.0.21,k3s-master,0.2,200000000,0
2023-04-01 09:12:21.932021,community-0-556f9b58f9-8wzj4,controller,10.42.0.21,k3s-master,0.2,200000000,0
2023-04-01 09:12:26.777285,community-0-556f9b58f9-8wzj4,controller,10.42.0.21,k3s-master,0.2,200000000,0
2023-04-01 09:12:02.503702,graph-mst-2hot3y9n,graph-mst,10.42.2.124,ea-k3s-node-us-west-2-0,0.825,4294967296,66.803681
2023-04-01 09:12:07.390933,graph-mst-2hot3y9n,graph-mst,10.42.2.124,ea-k3s-node-us-west-2-0,0.579,4294967296,74.160714
2023-04-01 09:12:12.236137,graph-mst-2hot3y9n,graph-mst,10.42.2.124,ea-k3s-node-us-west-2-0,0.457,4294967296,76.585799
2023-04-01 09:12:17.082939,graph-mst-2hot3y9n,graph-mst,10.42.2.124,ea-k3s-node-us-west-2-0,0.34,4294967296,80.477707
2023-04-01 09:12:21.932021,graph-mst-2hot3y9n,graph-mst,10.42.2.124,ea-k3s-node-us-west-2-0,0.34,4294967296,166.351724
2023-04-01 09:12:26.777285,graph-mst-2hot3y9n,graph-mst,10.42.2.124,ea-k3s-node-us-west-2-0,0.51,4294967296,233.021277
2023-04-01 09:12:02.503702,graph-mst-z9tgbm68,graph-mst,10.42.3.141,ea-k3s-node-eu-west-2-1,0.889,4294967296,74.615385
2023-04-01 09:12:07.390933,graph-mst-z9tgbm68,graph-mst,10.42.3.141,ea-k3s-node-eu-west-2-1,0.59,4294967296,65.058824
2023-04-01 09:12:12.236137,graph-mst-z9tgbm68,graph-mst,10.42.3.141,ea-k3s-node-eu-west-2-1,0.326,4294967296,68.884615
2023-04-01 09:12:17.082939,graph-mst-z9tgbm68,graph-mst,10.42.3.141,ea-k3s-node-eu-west-2-1,0.23,4294967296,91.571429
2023-04-01 09:12:21.932021,graph-mst-z9tgbm68,graph-mst,10.42.3.141,ea-k3s-node-eu-west-2-1,0.23,4294967296,100.204545
2023-04-01 09:12:26.777285,graph-mst-z9tgbm68,graph-mst,10.42.3.141,ea-k3s-node-eu-west-2-1,0.304,4294967296,123.954545
2023-04-01 09:12:31.622675,community-0-556f9b58f9-8wzj4,controller,10.42.0.21,k3s-master,0.2,200000000,0
2023-04-01 09:12:36.508115,community-0-556f9b58f9-8wzj4,controller,10.42.0.21,k3s-master,0.2,200000000,0
2023-04-01 09:12:41.355276,community-0-556f9b58f9-8wzj4,controller,10.42.0.21,k3s-master,0.2,200000000,0
2023-04-01 09:12:46.203987,community-0-556f9b58f9-8wzj4,controller,10.42.0.21,k3s-master,0.2,200000000,0
2023-04-01 09:12:51.051001,community-0-556f9b58f9-8wzj4,controller,10.42.0.21,k3s-master,0.2,200000000,0
2023-04-01 09:12:55.896251,community-0-556f9b58f9-8wzj4,controller,10.42.0.21,k3s-master,0.2,200000000,0
2023-04-01 09:12:31.622675,graph-mst-2hot3y9n,graph-mst,10.42.2.124,ea-k3s-node-us-west-2-0,0.765,4294967296,251.952381
2023-04-01 09:12:36.508115,graph-mst-2hot3y9n,graph-mst,10.42.2.124,ea-k3s-node-us-west-2-0,1.07,4294967296,241.077519
2023-04-01 09:12:41.355276,graph-mst-2hot3y9n,graph-mst,10.42.2.124,ea-k3s-node-us-west-2-0,1.367,4294967296,253.931624
2023-04-01 09:12:46.203987,graph-mst-2hot3y9n,graph-mst,10.42.2.124,ea-k3s-node-us-west-2-0,1.367,4294967296,249.948718
2023-04-01 09:12:51.051001,graph-mst-2hot3y9n,graph-mst,10.42.2.124,ea-k3s-node-us-west-2-0,1.664,4294967296,170.086614
2023-04-01 09:12:55.896251,graph-mst-2hot3y9n,graph-mst,10.42.2.124,ea-k3s-node-us-west-2-0,1.665,4294967296,71.779528
2023-04-01 09:12:31.622675,graph-mst-z9tgbm68,graph-mst,10.42.3.141,ea-k3s-node-eu-west-2-1,0.456,4294967296,137.348837
2023-04-01 09:12:36.508115,graph-mst-z9tgbm68,graph-mst,10.42.3.141,ea-k3s-node-eu-west-2-1,0.623,4294967296,144.195122
2023-04-01 09:12:41.355276,graph-mst-z9tgbm68,graph-mst,10.42.3.141,ea-k3s-node-eu-west-2-1,0.785,4294967296,148.184211
2023-04-01 09:12:46.203987,graph-mst-z9tgbm68,graph-mst,10.42.3.141,ea-k3s-node-eu-west-2-1,0.785,4294967296,133.131579
2023-04-01 09:12:51.051001,graph-mst-z9tgbm68,graph-mst,10.42.3.141,ea-k3s-node-eu-west-2-1,0.916,4294967296,107.690476
2023-04-01 09:12:55.896251,graph-mst-z9tgbm68,graph-mst,10.42.3.141,ea-k3s-node-eu-west-2-1,0.888,4294967296,87.264706
2023-04-01 09:13:00.742323,community-0-556f9b58f9-8wzj4,controller,10.42.0.21,k3s-master,0.2,200000000,0
2023-04-01 09:13:05.63522,community-0-556f9b58f9-8wzj4,controller,10.42.0.21,k3s-master,0.2,200000000,0
2023-04-01 09:13:10.488273,community-0-556f9b58f9-8wzj4,controller,10.42.0.21,k3s-master,0.2,200000000,0
2023-04-01 09:13:15.337717,community-0-556f9b58f9-8wzj4,controller,10.42.0.21,k3s-master,0.2,200000000,0
2023-04-01 09:13:20.187022,community-0-556f9b58f9-8wzj4,controller,10.42.0.21,k3s-master,0.2,200000000,0
2023-04-01 09:13:25.035433,community-0-556f9b58f9-8wzj4,controller,10.42.0.21,k3s-master,0.2,200000000,0
2023-04-01 09:13:29.882592,community-0-556f9b58f9-8wzj4,controller,10.42.0.21,k3s-master,0.2,200000000,0
2023-04-01 09:13:00.742323,graph-mst-2hot3y9n,graph-mst,10.42.2.124,ea-k3s-node-us-west-2-0,1.228,4294967296,65.523438
2023-04-01 09:13:05.63522,graph-mst-2hot3y9n,graph-mst,10.42.2.124,ea-k3s-node-us-west-2-0,0.952,4294967296,63.705426
2023-04-01 09:13:10.488273,graph-mst-2hot3y9n,graph-mst,10.42.2.124,ea-k3s-node-us-west-2-0,0.952,4294967296,64.10687
2023-04-01 09:13:15.337717,graph-mst-2hot3y9n,graph-mst,10.42.2.124,ea-k3s-node-us-west-2-0,0.664,4294967296,63.985075
2023-04-01 09:13:20.187022,graph-mst-2hot3y9n,graph-mst,10.42.2.124,ea-k3s-node-us-west-2-0,0.364,4294967296,74.905512
2023-04-01 09:13:25.035433,graph-mst-2hot3y9n,graph-mst,10.42.2.124,ea-k3s-node-us-west-2-0,0.299,4294967296,94.528
2023-04-01 09:13:29.882592,graph-mst-2hot3y9n,graph-mst,10.42.2.124,ea-k3s-node-us-west-2-0,0.425,4294967296,110.282051
2023-04-01 09:13:00.742323,graph-mst-z9tgbm68,graph-mst,10.42.3.141,ea-k3s-node-eu-west-2-1,0.582,4294967296,72.114286
2023-04-01 09:13:05.63522,graph-mst-z9tgbm68,graph-mst,10.42.3.141,ea-k3s-node-eu-west-2-1,0.357,4294967296,69.823529
2023-04-01 09:13:10.488273,graph-mst-z9tgbm68,graph-mst,10.42.3.141,ea-k3s-node-eu-west-2-1,0.357,4294967296,71.870968
2023-04-01 09:13:15.337717,graph-mst-z9tgbm68,graph-mst,10.42.3.141,ea-k3s-node-eu-west-2-1,0.2,4294967296,185.685714
2023-04-01 09:13:20.187022,graph-mst-z9tgbm68,graph-mst,10.42.3.141,ea-k3s-node-eu-west-2-1,0.3,4294967296,227.925926
2023-04-01 09:13:25.035433,graph-mst-z9tgbm68,graph-mst,10.42.3.141,ea-k3s-node-eu-west-2-1,0.45,4294967296,229.533333
2023-04-01 09:13:29.882592,graph-mst-z9tgbm68,graph-mst,10.42.3.141,ea-k3s-node-eu-west-2-1,0.675,4294967296,248.964286
2023-04-01 09:13:34.729998,community-0-556f9b58f9-8wzj4,controller,10.42.0.21,k3s-master,0.2,200000000,0
2023-04-01 09:13:39.617382,community-0-556f9b58f9-8wzj4,controller,10.42.0.21,k3s-master,0.2,200000000,0
2023-04-01 09:13:44.46434,community-0-556f9b58f9-8wzj4,controller,10.42.0.21,k3s-master,0.2,200000000,0
2023-04-01 09:13:49.31233,community-0-556f9b58f9-8wzj4,controller,10.42.0.21,k3s-master,0.2,200000000,0
2023-04-01 09:13:54.162195,community-0-556f9b58f9-8wzj4,controller,10.42.0.21,k3s-master,0.2,200000000,0
2023-04-01 09:13:59.012717,community-0-556f9b58f9-8wzj4,controller,10.42.0.21,k3s-master,0.2,200000000,0
2023-04-01 09:13:34.729998,graph-mst-2hot3y9n,graph-mst,10.42.2.124,ea-k3s-node-us-west-2-0,0.425,4294967296,131.522936
2023-04-01 09:13:39.617382,graph-mst-2hot3y9n,graph-mst,10.42.2.124,ea-k3s-node-us-west-2-0,0.579,4294967296,137.237624
2023-04-01 09:13:44.46434,graph-mst-2hot3y9n,graph-mst,10.42.2.124,ea-k3s-node-us-west-2-0,0.723,4294967296,139.510204
2023-04-01 09:13:49.31233,graph-mst-2hot3y9n,graph-mst,10.42.2.124,ea-k3s-node-us-west-2-0,0.865,4294967296,130.95
2023-04-01 09:13:54.162195,graph-mst-2hot3y9n,graph-mst,10.42.2.124,ea-k3s-node-us-west-2-0,0.909,4294967296,107.051546
2023-04-01 09:13:59.012717,graph-mst-2hot3y9n,graph-mst,10.42.2.124,ea-k3s-node-us-west-2-0,0.768,4294967296,86.723404
2023-04-01 09:13:34.729998,graph-mst-z9tgbm68,graph-mst,10.42.3.141,ea-k3s-node-eu-west-2-1,0.675,4294967296,286.565217
2023-04-01 09:13:39.617382,graph-mst-z9tgbm68,graph-mst,10.42.3.141,ea-k3s-node-eu-west-2-1,1.012,4294967296,274.625
2023-04-01 09:13:44.46434,graph-mst-z9tgbm68,graph-mst,10.42.3.141,ea-k3s-node-eu-west-2-1,1.325,4294967296,147.92
2023-04-01 09:13:49.31233,graph-mst-z9tgbm68,graph-mst,10.42.3.141,ea-k3s-node-eu-west-2-1,1.201,4294967296,98.26087
2023-04-01 09:13:54.162195,graph-mst-z9tgbm68,graph-mst,10.42.3.141,ea-k3s-node-eu-west-2-1,1.123,4294967296,91.541667
2023-04-01 09:13:59.012717,graph-mst-z9tgbm68,graph-mst,10.42.3.141,ea-k3s-node-eu-west-2-1,0.704,4294967296,63.272727
2023-04-01 09:14:03.863307,community-0-556f9b58f9-8wzj4,controller,10.42.0.21,k3s-master,0.2,200000000,0
2023-04-01 09:14:08.748918,community-0-556f9b58f9-8wzj4,controller,10.42.0.21,k3s-master,0.2,200000000,0
2023-04-01 09:14:13.594427,community-0-556f9b58f9-8wzj4,controller,10.42.0.21,k3s-master,0.2,200000000,0
2023-04-01 09:14:18.442655,community-0-556f9b58f9-8wzj4,controller,10.42.0.21,k3s-master,0.2,200000000,0
2023-04-01 09:14:23.289069,community-0-556f9b58f9-8wzj4,controller,10.42.0.21,k3s-master,0.2,200000000,0
2023-04-01 09:14:28.13769,community-0-556f9b58f9-8wzj4,controller,10.42.0.21,k3s-master,0.2,200000000,0
2023-04-01 09:14:03.863307,graph-mst-2hot3y9n,graph-mst,10.42.2.124,ea-k3s-node-us-west-2-0,0.768,4294967296,66.550562
2023-04-01 09:14:08.748918,graph-mst-2hot3y9n,graph-mst,10.42.2.124,ea-k3s-node-us-west-2-0,0.415,4294967296,67.129412
2023-04-01 09:14:13.594427,graph-mst-2hot3y9n,graph-mst,10.42.2.124,ea-k3s-node-us-west-2-0,0.2,4294967296,89.103448
2023-04-01 09:14:18.442655,graph-mst-2hot3y9n,graph-mst,10.42.2.124,ea-k3s-node-us-west-2-0,0.3,4294967296,110.589744
2023-04-01 09:14:23.289069,graph-mst-2hot3y9n,graph-mst,10.42.2.124,ea-k3s-node-us-west-2-0,0.45,4294967296,140.109589
2023-04-01 09:14:28.13769,graph-mst-2hot3y9n,graph-mst,10.42.2.124,ea-k3s-node-us-west-2-0,0.45,4294967296,142.391892
2023-04-01 09:14:03.863307,graph-mst-z9tgbm68,graph-mst,10.42.3.141,ea-k3s-node-eu-west-2-1,0.704,4294967296,63.25
2023-04-01 09:14:08.748918,graph-mst-z9tgbm68,graph-mst,10.42.3.141,ea-k3s-node-eu-west-2-1,0.41,4294967296,64
2023-04-01 09:14:13.594427,graph-mst-z9tgbm68,graph-mst,10.42.3.141,ea-k3s-node-eu-west-2-1,0.2,4294967296,79.454545
2023-04-01 09:14:18.442655,graph-mst-z9tgbm68,graph-mst,10.42.3.141,ea-k3s-node-eu-west-2-1,0.2,4294967296,141.173913
2023-04-01 09:14:23.289069,graph-mst-z9tgbm68,graph-mst,10.42.3.141,ea-k3s-node-eu-west-2-1,0.3,4294967296,180.72
2023-04-01 09:14:28.13769,graph-mst-z9tgbm68,graph-mst,10.42.3.141,ea-k3s-node-eu-west-2-1,0.3,4294967296,199
2023-04-01 09:14:32.982533,community-0-556f9b58f9-8wzj4,controller,10.42.0.21,k3s-master,0.2,200000000,0
2023-04-01 09:14:37.866858,community-0-556f9b58f9-8wzj4,controller,10.42.0.21,k3s-master,0.2,200000000,0
2023-04-01 09:14:42.714642,community-0-556f9b58f9-8wzj4,controller,10.42.0.21,k3s-master,0.2,200000000,0
2023-04-01 09:14:47.55808,community-0-556f9b58f9-8wzj4,controller,10.42.0.21,k3s-master,0.2,200000000,0
2023-04-01 09:14:52.401645,community-0-556f9b58f9-8wzj4,controller,10.42.0.21,k3s-master,0.2,200000000,0
2023-04-01 09:14:57.247868,community-0-556f9b58f9-8wzj4,controller,10.42.0.21,k3s-master,0.2,200000000,0
2023-04-01 09:14:32.982533,graph-mst-2hot3y9n,graph-mst,10.42.2.124,ea-k3s-node-us-west-2-0,0.604,4294967296,140.448718
2023-04-01 09:14:37.866858,graph-mst-2hot3y9n,graph-mst,10.42.2.124,ea-k3s-node-us-west-2-0,0.751,4294967296,137.4875
2023-04-01 09:14:42.714642,graph-mst-2hot3y9n,graph-mst,10.42.2.124,ea-k3s-node-us-west-2-0,0.879,4294967296,118.666667
2023-04-01 09:14:47.55808,graph-mst-2hot3y9n,graph-mst,10.42.2.124,ea-k3s-node-us-west-2-0,0.811,4294967296,95.177215
2023-04-01 09:14:52.401645,graph-mst-2hot3y9n,graph-mst,10.42.2.124,ea-k3s-node-us-west-2-0,0.811,4294967296,71.05
2023-04-01 09:14:57.247868,graph-mst-2hot3y9n,graph-mst,10.42.2.124,ea-k3s-node-us-west-2-0,0.504,4294967296,71.959459
2023-04-01 09:14:32.982533,graph-mst-z9tgbm68,graph-mst,10.42.3.141,ea-k3s-node-eu-west-2-1,0.45,4294967296,199.6
2023-04-01 09:14:37.866858,graph-mst-z9tgbm68,graph-mst,10.42.3.141,ea-k3s-node-eu-west-2-1,0.675,4294967296,217.130435
2023-04-01 09:14:42.714642,graph-mst-z9tgbm68,graph-mst,10.42.3.141,ea-k3s-node-eu-west-2-1,0.967,4294967296,203.041667
2023-04-01 09:14:47.55808,graph-mst-z9tgbm68,graph-mst,10.42.3.141,ea-k3s-node-eu-west-2-1,1.162,4294967296,180.888889
2023-04-01 09:14:52.401645,graph-mst-z9tgbm68,graph-mst,10.42.3.141,ea-k3s-node-eu-west-2-1,1.162,4294967296,99.958333
2023-04-01 09:14:57.247868,graph-mst-z9tgbm68,graph-mst,10.42.3.141,ea-k3s-node-eu-west-2-1,1.043,4294967296,83.583333
2023-04-01 09:15:02.094428,community-0-556f9b58f9-8wzj4,controller,10.42.0.21,k3s-master,0.2,200000000,0
2023-04-01 09:15:06.978525,community-0-556f9b58f9-8wzj4,controller,10.42.0.21,k3s-master,0.2,200000000,0
2023-04-01 09:15:11.827718,community-0-556f9b58f9-8wzj4,controller,10.42.0.21,k3s-master,0.2,200000000,0
2023-04-01 09:15:16.676404,community-0-556f9b58f9-8wzj4,controller,10.42.0.21,k3s-master,0.2,200000000,0
2023-04-01 09:15:21.522211,community-0-556f9b58f9-8wzj4,controller,10.42.0.21,k3s-master,0.2,200000000,0
2023-04-01 09:15:26.372354,community-0-556f9b58f9-8wzj4,controller,10.42.0.21,k3s-master,0.2,200000000,0
2023-04-01 09:15:02.094428,graph-mst-2hot3y9n,graph-mst,10.42.2.124,ea-k3s-node-us-west-2-0,0.314,4294967296,90.763889
2023-04-01 09:15:06.978525,graph-mst-2hot3y9n,graph-mst,10.42.2.124,ea-k3s-node-us-west-2-0,0.363,4294967296,106.507042
2023-04-01 09:15:11.827718,graph-mst-2hot3y9n,graph-mst,10.42.2.124,ea-k3s-node-us-west-2-0,0.538,4294967296,127.027778
2023-04-01 09:15:16.676404,graph-mst-2hot3y9n,graph-mst,10.42.2.124,ea-k3s-node-us-west-2-0,0.538,4294967296,126.273973
2023-04-01 09:15:21.522211,graph-mst-2hot3y9n,graph-mst,10.42.2.124,ea-k3s-node-us-west-2-0,0.644,4294967296,134.815385
2023-04-01 09:15:26.372354,graph-mst-2hot3y9n,graph-mst,10.42.2.124,ea-k3s-node-us-west-2-0,0.781,4294967296,130.984848
2023-04-01 09:15:02.094428,graph-mst-z9tgbm68,graph-mst,10.42.3.141,ea-k3s-node-eu-west-2-1,0.869,4294967296,77.272727
2023-04-01 09:15:06.978525,graph-mst-z9tgbm68,graph-mst,10.42.3.141,ea-k3s-node-eu-west-2-1,0.467,4294967296,63.761905
2023-04-01 09:15:11.827718,graph-mst-z9tgbm68,graph-mst,10.42.3.141,ea-k3s-node-eu-west-2-1,0.216,4294967296,65.222222
2023-04-01 09:15:16.676404,graph-mst-z9tgbm68,graph-mst,10.42.3.141,ea-k3s-node-eu-west-2-1,0.216,4294967296,76.933333
2023-04-01 09:15:21.522211,graph-mst-z9tgbm68,graph-mst,10.42.3.141,ea-k3s-node-eu-west-2-1,0.2,4294967296,152.411765
2023-04-01 09:15:26.372354,graph-mst-z9tgbm68,graph-mst,10.42.3.141,ea-k3s-node-eu-west-2-1,0.3,4294967296,174.75
2023-04-01 09:15:31.221716,community-0-556f9b58f9-8wzj4,controller,10.42.0.21,k3s-master,0.2,200000000,0
2023-04-01 09:15:36.108084,community-0-556f9b58f9-8wzj4,controller,10.42.0.21,k3s-master,0.2,200000000,0
2023-04-01 09:15:40.955408,community-0-556f9b58f9-8wzj4,controller,10.42.0.21,k3s-master,0.2,200000000,0
2023-04-01 09:15:45.80059,community-0-556f9b58f9-8wzj4,controller,10.42.0.21,k3s-master,0.2,200000000,0
2023-04-01 09:15:50.646934,community-0-556f9b58f9-8wzj4,controller,10.42.0.21,k3s-master,0.2,200000000,0
2023-04-01 09:15:55.494431,community-0-556f9b58f9-8wzj4,controller,10.42.0.21,k3s-master,0.2,200000000,0
2023-04-01 09:15:31.221716,graph-mst-2hot3y9n,graph-mst,10.42.2.124,ea-k3s-node-us-west-2-0,0.872,4294967296,112.621212
2023-04-01 09:15:36.108084,graph-mst-2hot3y9n,graph-mst,10.42.2.124,ea-k3s-node-us-west-2-0,0.882,4294967296,91.952381
2023-04-01 09:15:40.955408,graph-mst-2hot3y9n,graph-mst,10.42.2.124,ea-k3s-node-us-west-2-0,0.637,4294967296,67.068966
2023-04-01 09:15:45.80059,graph-mst-2hot3y9n,graph-mst,10.42.2.124,ea-k3s-node-us-west-2-0,0.637,4294967296,67.196429
2023-04-01 09:15:50.646934,graph-mst-2hot3y9n,graph-mst,10.42.2.124,ea-k3s-node-us-west-2-0,0.342,4294967296,75.913793
2023-04-01 09:15:55.494431,graph-mst-2hot3y9n,graph-mst,10.42.2.124,ea-k3s-node-us-west-2-0,0.228,4294967296,87.142857
2023-04-01 09:15:31.221716,graph-mst-z9tgbm68,graph-mst,10.42.3.141,ea-k3s-node-eu-west-2-1,0.45,4294967296,179.25
2023-04-01 09:15:36.108084,graph-mst-z9tgbm68,graph-mst,10.42.3.141,ea-k3s-node-eu-west-2-1,0.652,4294967296,179.058824
2023-04-01 09:15:40.955408,graph-mst-z9tgbm68,graph-mst,10.42.3.141,ea-k3s-node-eu-west-2-1,0.872,4294967296,177.647059
2023-04-01 09:15:45.80059,graph-mst-z9tgbm68,graph-mst,10.42.3.141,ea-k3s-node-eu-west-2-1,0.872,4294967296,167.764706
2023-04-01 09:15:50.646934,graph-mst-z9tgbm68,graph-mst,10.42.3.141,ea-k3s-node-eu-west-2-1,1.064,4294967296,98.722222
2023-04-01 09:15:55.494431,graph-mst-z9tgbm68,graph-mst,10.42.3.141,ea-k3s-node-eu-west-2-1,0.889,4294967296,84.588235
2023-04-01 09:16:00.34292,community-0-556f9b58f9-8wzj4,controller,10.42.0.21,k3s-master,0.2,200000000,0
2023-04-01 09:16:05.23001,community-0-556f9b58f9-8wzj4,controller,10.42.0.21,k3s-master,0.2,200000000,0
2023-04-01 09:16:10.080724,community-0-556f9b58f9-8wzj4,controller,10.42.0.21,k3s-master,0.2,200000000,0
2023-04-01 09:16:14.923866,community-0-556f9b58f9-8wzj4,controller,10.42.0.21,k3s-master,0.2,200000000,0
2023-04-01 09:16:19.771517,community-0-556f9b58f9-8wzj4,controller,10.42.0.21,k3s-master,0.2,200000000,0
2023-04-01 09:16:24.620082,community-0-556f9b58f9-8wzj4,controller,10.42.0.21,k3s-master,0.2,200000000,0
2023-04-01 09:16:29.470001,community-0-556f9b58f9-8wzj4,controller,10.42.0.21,k3s-master,0.2,200000000,0
2023-04-01 09:16:00.34292,graph-mst-2hot3y9n,graph-mst,10.42.2.124,ea-k3s-node-us-west-2-0,0.275,4294967296,112.625
2023-04-01 09:16:05.23001,graph-mst-2hot3y9n,graph-mst,10.42.2.124,ea-k3s-node-us-west-2-0,0.412,4294967296,127.716981
2023-04-01 09:16:10.080724,graph-mst-2hot3y9n,graph-mst,10.42.2.124,ea-k3s-node-us-west-2-0,0.412,4294967296,139.282609
2023-04-01 09:16:14.923866,graph-mst-2hot3y9n,graph-mst,10.42.2.124,ea-k3s-node-us-west-2-0,0.574,4294967296,147.097561
2023-04-01 09:16:19.771517,graph-mst-2hot3y9n,graph-mst,10.42.2.124,ea-k3s-node-us-west-2-0,0.757,4294967296,148.555556
2023-04-01 09:16:24.620082,graph-mst-2hot3y9n,graph-mst,10.42.2.124,ea-k3s-node-us-west-2-0,0.925,4294967296,141.2
2023-04-01 09:16:29.470001,graph-mst-2hot3y9n,graph-mst,10.42.2.124,ea-k3s-node-us-west-2-0,0.99,4294967296,117.307692
2023-04-01 09:16:00.34292,graph-mst-z9tgbm68,graph-mst,10.42.3.141,ea-k3s-node-eu-west-2-1,0.65,4294967296,74.5625
2023-04-01 09:16:05.23001,graph-mst-z9tgbm68,graph-mst,10.42.3.141,ea-k3s-node-eu-west-2-1,0.333,4294967296,70.285714
2023-04-01 09:16:10.080724,graph-mst-z9tgbm68,graph-mst,10.42.3.141,ea-k3s-node-eu-west-2-1,0.333,4294967296,75.142857
2023-04-01 09:16:14.923866,graph-mst-z9tgbm68,graph-mst,10.42.3.141,ea-k3s-node-eu-west-2-1,0.217,4294967296,76.076923
2023-04-01 09:16:19.771517,graph-mst-z9tgbm68,graph-mst,10.42.3.141,ea-k3s-node-eu-west-2-1,0.2,4294967296,113.692308
2023-04-01 09:16:24.620082,graph-mst-z9tgbm68,graph-mst,10.42.3.141,ea-k3s-node-eu-west-2-1,0.3,4294967296,153.8
2023-04-01 09:16:29.470001,graph-mst-z9tgbm68,graph-mst,10.42.3.141,ea-k3s-node-eu-west-2-1,0.45,4294967296,158.266667
2023-04-01 09:16:34.318722,community-0-556f9b58f9-8wzj4,controller,10.42.0.21,k3s-master,0.2,200000000,0
2023-04-01 09:16:39.204914,community-0-556f9b58f9-8wzj4,controller,10.42.0.21,k3s-master,0.2,200000000,0
2023-04-01 09:16:44.052063,community-0-556f9b58f9-8wzj4,controller,10.42.0.21,k3s-master,0.2,200000000,0
2023-04-01 09:16:48.902085,community-0-556f9b58f9-8wzj4,controller,10.42.0.21,k3s-master,0.2,200000000,0
2023-04-01 09:16:53.809857,community-0-556f9b58f9-8wzj4,controller,10.42.0.21,k3s-master,0.2,200000000,0
2023-04-01 09:16:58.657382,community-0-556f9b58f9-8wzj4,controller,10.42.0.21,k3s-master,0.2,200000000,0
2023-04-01 09:16:34.318722,graph-mst-2hot3y9n,graph-mst,10.42.2.124,ea-k3s-node-us-west-2-0,0.99,4294967296,70.5
2023-04-01 09:16:39.204914,graph-mst-2hot3y9n,graph-mst,10.42.2.124,ea-k3s-node-us-west-2-0,0.703,4294967296,65
2023-04-01 09:16:44.052063,graph-mst-2hot3y9n,graph-mst,10.42.2.124,ea-k3s-node-us-west-2-0,0.36,4294967296,73.111111
2023-04-01 09:16:48.902085,graph-mst-2hot3y9n,graph-mst,10.42.2.124,ea-k3s-node-us-west-2-0,0.237,4294967296,75.785714
2023-04-01 09:16:53.809857,graph-mst-2hot3y9n,graph-mst,10.42.2.124,ea-k3s-node-us-west-2-0,0.2,4294967296,86.083333
2023-04-01 09:16:58.657382,graph-mst-2hot3y9n,graph-mst,10.42.2.124,ea-k3s-node-us-west-2-0,0.2,4294967296,90.7
2023-04-01 09:16:34.318722,graph-mst-z9tgbm68,graph-mst,10.42.3.141,ea-k3s-node-eu-west-2-1,0.45,4294967296,138.272727
2023-04-01 09:16:39.204914,graph-mst-z9tgbm68,graph-mst,10.42.3.141,ea-k3s-node-eu-west-2-1,0.556,4294967296,125.76
2023-04-01 09:16:44.052063,graph-mst-z9tgbm68,graph-mst,10.42.3.141,ea-k3s-node-eu-west-2-1,0.625,4294967296,116.233333
2023-04-01 09:16:48.902085,graph-mst-z9tgbm68,graph-mst,10.42.3.141,ea-k3s-node-eu-west-2-1,0.677,4294967296,103.259259
2023-04-01 09:16:53.809857,graph-mst-z9tgbm68,graph-mst,10.42.3.141,ea-k3s-node-eu-west-2-1,0.522,4294967296,76.483871
2023-04-01 09:16:58.657382,graph-mst-z9tgbm68,graph-mst,10.42.3.141,ea-k3s-node-eu-west-2-1,0.522,4294967296,82.242424
2023-04-01 09:17:03.508801,community-0-556f9b58f9-8wzj4,controller,10.42.0.21,k3s-master,0.2,200000000,0
2023-04-01 09:17:08.397526,community-0-556f9b58f9-8wzj4,controller,10.42.0.21,k3s-master,0.2,200000000,0
2023-04-01 09:17:13.249085,community-0-556f9b58f9-8wzj4,controller,10.42.0.21,k3s-master,0.2,200000000,0
2023-04-01 09:17:18.09894,community-0-556f9b58f9-8wzj4,controller,10.42.0.21,k3s-master,0.2,200000000,0
2023-04-01 09:17:22.950941,community-0-556f9b58f9-8wzj4,controller,10.42.0.21,k3s-master,0.2,200000000,0
2023-04-01 09:17:27.799185,community-0-556f9b58f9-8wzj4,controller,10.42.0.21,k3s-master,0.2,200000000,0
2023-04-01 09:17:03.508801,graph-mst-2hot3y9n,graph-mst,10.42.2.124,ea-k3s-node-us-west-2-0,0.2,4294967296,117.222222
2023-04-01 09:17:08.397526,graph-mst-2hot3y9n,graph-mst,10.42.2.124,ea-k3s-node-us-west-2-0,0.3,4294967296,144
2023-04-01 09:17:13.249085,graph-mst-2hot3y9n,graph-mst,10.42.2.124,ea-k3s-node-us-west-2-0,0.45,4294967296,219.5
2023-04-01 09:17:18.09894,graph-mst-2hot3y9n,graph-mst,10.42.2.124,ea-k3s-node-us-west-2-0,0.675,4294967296,219.5
2023-04-01 09:17:22.950941,graph-mst-2hot3y9n,graph-mst,10.42.2.124,ea-k3s-node-us-west-2-0,1.012,4294967296,276
2023-04-01 09:17:27.799185,graph-mst-2hot3y9n,graph-mst,10.42.2.124,ea-k3s-node-us-west-2-0,1.012,4294967296,276
2023-04-01 09:17:03.508801,graph-mst-z9tgbm68,graph-mst,10.42.3.141,ea-k3s-node-eu-west-2-1,0.398,4294967296,79.444444
2023-04-01 09:17:08.397526,graph-mst-z9tgbm68,graph-mst,10.42.3.141,ea-k3s-node-eu-west-2-1,0.253,4294967296,80.9
2023-04-01 09:17:13.249085,graph-mst-z9tgbm68,graph-mst,10.42.3.141,ea-k3s-node-eu-west-2-1,0.2,4294967296,83.625
2023-04-01 09:17:18.09894,graph-mst-z9tgbm68,graph-mst,10.42.3.141,ea-k3s-node-eu-west-2-1,0.2,4294967296,85
2023-04-01 09:17:22.950941,graph-mst-z9tgbm68,graph-mst,10.42.3.141,ea-k3s-node-eu-west-2-1,0.244,4294967296,104.875
2023-04-01 09:17:27.799185,graph-mst-z9tgbm68,graph-mst,10.42.3.141,ea-k3s-node-eu-west-2-1,0.244,4294967296,62
2023-04-01 09:17:32.644222,community-0-556f9b58f9-8wzj4,controller,10.42.0.21,k3s-master,0.2,200000000,0
2023-04-01 09:17:37.5285,community-0-556f9b58f9-8wzj4,controller,10.42.0.21,k3s-master,0.2,200000000,0
2023-04-01 09:17:42.377285,community-0-556f9b58f9-8wzj4,controller,10.42.0.21,k3s-master,0.2,200000000,0
2023-04-01 09:17:47.222591,community-0-556f9b58f9-8wzj4,controller,10.42.0.21,k3s-master,0.2,200000000,0
2023-04-01 09:17:52.075692,community-0-556f9b58f9-8wzj4,controller,10.42.0.21,k3s-master,0.2,200000000,0
2023-04-01 09:17:56.927465,community-0-556f9b58f9-8wzj4,controller,10.42.0.21,k3s-master,0.2,200000000,0
2023-04-01 09:17:32.644222,graph-mst-2hot3y9n,graph-mst,10.42.2.124,ea-k3s-node-us-west-2-0,1.33,4294967296,0
2023-04-01 09:17:37.5285,graph-mst-2hot3y9n,graph-mst,10.42.2.124,ea-k3s-node-us-west-2-0,0.42,4294967296,0
2023-04-01 09:17:42.377285,graph-mst-2hot3y9n,graph-mst,10.42.2.124,ea-k3s-node-us-west-2-0,0.2,4294967296,0
2023-04-01 09:17:47.222591,graph-mst-2hot3y9n,graph-mst,10.42.2.124,ea-k3s-node-us-west-2-0,0.2,4294967296,0
2023-04-01 09:17:52.075692,graph-mst-2hot3y9n,graph-mst,10.42.2.124,ea-k3s-node-us-west-2-0,0.2,4294967296,0
2023-04-01 09:17:56.927465,graph-mst-2hot3y9n,graph-mst,10.42.2.124,ea-k3s-node-us-west-2-0,0.2,4294967296,0
2023-04-01 09:17:32.644222,graph-mst-z9tgbm68,graph-mst,10.42.3.141,ea-k3s-node-eu-west-2-1,0.2,4294967296,0
2023-04-01 09:17:37.5285,graph-mst-z9tgbm68,graph-mst,10.42.3.141,ea-k3s-node-eu-west-2-1,0.2,4294967296,0
2023-04-01 09:17:42.377285,graph-mst-z9tgbm68,graph-mst,10.42.3.141,ea-k3s-node-eu-west-2-1,0.2,4294967296,0
2023-04-01 09:17:47.222591,graph-mst-z9tgbm68,graph-mst,10.42.3.141,ea-k3s-node-eu-west-2-1,0.2,4294967296,0
2023-04-01 09:17:52.075692,graph-mst-z9tgbm68,graph-mst,10.42.3.141,ea-k3s-node-eu-west-2-1,0.2,4294967296,0
2023-04-01 09:17:56.927465,graph-mst-z9tgbm68,graph-mst,10.42.3.141,ea-k3s-node-eu-west-2-1,0.2,4294967296,0
2023-04-01 09:18:01.777987,community-0-556f9b58f9-8wzj4,controller,10.42.0.21,k3s-master,0.2,200000000,0
2023-04-01 09:18:06.663026,community-0-556f9b58f9-8wzj4,controller,10.42.0.21,k3s-master,0.2,200000000,0
2023-04-01 09:18:11.509058,community-0-556f9b58f9-8wzj4,controller,10.42.0.21,k3s-master,0.2,200000000,0
2023-04-01 09:18:16.35509,community-0-556f9b58f9-8wzj4,controller,10.42.0.21,k3s-master,0.2,200000000,0
2023-04-01 09:18:21.205848,community-0-556f9b58f9-8wzj4,controller,10.42.0.21,k3s-master,0.2,200000000,0
2023-04-01 09:18:26.054933,community-0-556f9b58f9-8wzj4,controller,10.42.0.21,k3s-master,0.2,200000000,0
2023-04-01 09:18:01.777987,graph-mst-2hot3y9n,graph-mst,10.42.2.124,ea-k3s-node-us-west-2-0,0.2,4294967296,0
2023-04-01 09:18:06.663026,graph-mst-2hot3y9n,graph-mst,10.42.2.124,ea-k3s-node-us-west-2-0,0.2,4294967296,0
2023-04-01 09:18:11.509058,graph-mst-2hot3y9n,graph-mst,10.42.2.124,ea-k3s-node-us-west-2-0,0.2,4294967296,0
2023-04-01 09:18:16.35509,graph-mst-2hot3y9n,graph-mst,10.42.2.124,ea-k3s-node-us-west-2-0,0.2,4294967296,0
2023-04-01 09:18:21.205848,graph-mst-2hot3y9n,graph-mst,10.42.2.124,ea-k3s-node-us-west-2-0,0.2,4294967296,0
2023-04-01 09:18:26.054933,graph-mst-2hot3y9n,graph-mst,10.42.2.124,ea-k3s-node-us-west-2-0,0.2,4294967296,0
2023-04-01 09:18:01.777987,graph-mst-z9tgbm68,graph-mst,10.42.3.141,ea-k3s-node-eu-west-2-1,0.2,4294967296,0
2023-04-01 09:18:06.663026,graph-mst-z9tgbm68,graph-mst,10.42.3.141,ea-k3s-node-eu-west-2-1,0.2,4294967296,0
2023-04-01 09:18:11.509058,graph-mst-z9tgbm68,graph-mst,10.42.3.141,ea-k3s-node-eu-west-2-1,0.2,4294967296,0
2023-04-01 09:18:16.35509,graph-mst-z9tgbm68,graph-mst,10.42.3.141,ea-k3s-node-eu-west-2-1,0.2,4294967296,0
2023-04-01 09:18:21.205848,graph-mst-z9tgbm68,graph-mst,10.42.3.141,ea-k3s-node-eu-west-2-1,0.2,4294967296,0
2023-04-01 09:18:26.054933,graph-mst-z9tgbm68,graph-mst,10.42.3.141,ea-k3s-node-eu-west-2-1,0.2,4294967296,0
2023-04-01 09:18:30.904833,community-0-556f9b58f9-8wzj4,controller,10.42.0.21,k3s-master,0.2,200000000,0
2023-04-01 09:18:35.790953,community-0-556f9b58f9-8wzj4,controller,10.42.0.21,k3s-master,0.2,200000000,0
2023-04-01 09:18:40.638307,community-0-556f9b58f9-8wzj4,controller,10.42.0.21,k3s-master,0.2,200000000,0
2023-04-01 09:18:45.486269,community-0-556f9b58f9-8wzj4,controller,10.42.0.21,k3s-master,0.2,200000000,0
2023-04-01 09:18:50.332613,community-0-556f9b58f9-8wzj4,controller,10.42.0.21,k3s-master,0.2,200000000,0
2023-04-01 09:18:55.17979,community-0-556f9b58f9-8wzj4,controller,10.42.0.21,k3s-master,0.2,200000000,0
2023-04-01 09:18:30.904833,graph-mst-2hot3y9n,graph-mst,10.42.2.124,ea-k3s-node-us-west-2-0,0.2,4294967296,0
2023-04-01 09:18:35.790953,graph-mst-2hot3y9n,graph-mst,10.42.2.124,ea-k3s-node-us-west-2-0,0.2,4294967296,0
2023-04-01 09:18:40.638307,graph-mst-2hot3y9n,graph-mst,10.42.2.124,ea-k3s-node-us-west-2-0,0.2,4294967296,0
2023-04-01 09:18:45.486269,graph-mst-2hot3y9n,graph-mst,10.42.2.124,ea-k3s-node-us-west-2-0,0.2,4294967296,0
2023-04-01 09:18:50.332613,graph-mst-2hot3y9n,graph-mst,10.42.2.124,ea-k3s-node-us-west-2-0,0.2,4294967296,0
2023-04-01 09:18:55.17979,graph-mst-2hot3y9n,graph-mst,10.42.2.124,ea-k3s-node-us-west-2-0,0.2,4294967296,0
2023-04-01 09:18:30.904833,graph-mst-z9tgbm68,graph-mst,10.42.3.141,ea-k3s-node-eu-west-2-1,0.2,4294967296,0
2023-04-01 09:18:35.790953,graph-mst-z9tgbm68,graph-mst,10.42.3.141,ea-k3s-node-eu-west-2-1,0.2,4294967296,0
2023-04-01 09:18:40.638307,graph-mst-z9tgbm68,graph-mst,10.42.3.141,ea-k3s-node-eu-west-2-1,0.2,4294967296,0
2023-04-01 09:18:45.486269,graph-mst-z9tgbm68,graph-mst,10.42.3.141,ea-k3s-node-eu-west-2-1,0.2,4294967296,0
2023-04-01 09:18:50.332613,graph-mst-z9tgbm68,graph-mst,10.42.3.141,ea-k3s-node-eu-west-2-1,0.2,4294967296,0
2023-04-01 09:18:55.17979,graph-mst-z9tgbm68,graph-mst,10.42.3.141,ea-k3s-node-eu-west-2-1,0.2,4294967296,0
2023-04-01 09:19:00.027862,community-0-556f9b58f9-8wzj4,controller,10.42.0.21,k3s-master,0.2,200000000,0
2023-04-01 09:19:04.909093,community-0-556f9b58f9-8wzj4,controller,10.42.0.21,k3s-master,0.2,200000000,0
2023-04-01 09:19:09.758132,community-0-556f9b58f9-8wzj4,controller,10.42.0.21,k3s-master,0.2,200000000,0
2023-04-01 09:19:14.606641,community-0-556f9b58f9-8wzj4,controller,10.42.0.21,k3s-master,0.2,200000000,0
2023-04-01 09:19:19.450333,community-0-556f9b58f9-8wzj4,controller,10.42.0.21,k3s-master,0.2,200000000,0
2023-04-01 09:19:24.300476,community-0-556f9b58f9-8wzj4,controller,10.42.0.21,k3s-master,0.2,200000000,0
2023-04-01 09:19:29.149898,community-0-556f9b58f9-8wzj4,controller,10.42.0.21,k3s-master,0.2,200000000,0
2023-04-01 09:19:00.027862,graph-mst-2hot3y9n,graph-mst,10.42.2.124,ea-k3s-node-us-west-2-0,0.2,4294967296,0
2023-04-01 09:19:04.909093,graph-mst-2hot3y9n,graph-mst,10.42.2.124,ea-k3s-node-us-west-2-0,0.2,4294967296,0
2023-04-01 09:19:09.758132,graph-mst-2hot3y9n,graph-mst,10.42.2.124,ea-k3s-node-us-west-2-0,0.2,4294967296,0
2023-04-01 09:19:14.606641,graph-mst-2hot3y9n,graph-mst,10.42.2.124,ea-k3s-node-us-west-2-0,0.2,4294967296,0
2023-04-01 09:19:19.450333,graph-mst-2hot3y9n,graph-mst,10.42.2.124,ea-k3s-node-us-west-2-0,0.2,4294967296,0
2023-04-01 09:19:24.300476,graph-mst-2hot3y9n,graph-mst,10.42.2.124,ea-k3s-node-us-west-2-0,0.2,4294967296,0
2023-04-01 09:19:29.149898,graph-mst-2hot3y9n,graph-mst,10.42.2.124,ea-k3s-node-us-west-2-0,0.2,4294967296,0
2023-04-01 09:19:00.027862,graph-mst-z9tgbm68,graph-mst,10.42.3.141,ea-k3s-node-eu-west-2-1,0.2,4294967296,0
2023-04-01 09:19:04.909093,graph-mst-z9tgbm68,graph-mst,10.42.3.141,ea-k3s-node-eu-west-2-1,0.2,4294967296,0
2023-04-01 09:19:09.758132,graph-mst-z9tgbm68,graph-mst,10.42.3.141,ea-k3s-node-eu-west-2-1,0.2,4294967296,0
2023-04-01 09:19:14.606641,graph-mst-z9tgbm68,graph-mst,10.42.3.141,ea-k3s-node-eu-west-2-1,0.2,4294967296,0
2023-04-01 09:19:19.450333,graph-mst-z9tgbm68,graph-mst,10.42.3.141,ea-k3s-node-eu-west-2-1,0.2,4294967296,0
2023-04-01 09:19:24.300476,graph-mst-z9tgbm68,graph-mst,10.42.3.141,ea-k3s-node-eu-west-2-1,0.2,4294967296,0
2023-04-01 09:19:29.149898,graph-mst-z9tgbm68,graph-mst,10.42.3.141,ea-k3s-node-eu-west-2-1,0.2,4294967296,0
2023-04-01 09:19:33.997173,community-0-556f9b58f9-8wzj4,controller,10.42.0.21,k3s-master,0.2,200000000,0
2023-04-01 09:19:38.883694,community-0-556f9b58f9-8wzj4,controller,10.42.0.21,k3s-master,0.2,200000000,0
2023-04-01 09:19:43.734049,community-0-556f9b58f9-8wzj4,controller,10.42.0.21,k3s-master,0.2,200000000,0
2023-04-01 09:19:48.582362,community-0-556f9b58f9-8wzj4,controller,10.42.0.21,k3s-master,0.2,200000000,0
2023-04-01 09:19:53.430143,community-0-556f9b58f9-8wzj4,controller,10.42.0.21,k3s-master,0.2,200000000,0
2023-04-01 09:19:58.279084,community-0-556f9b58f9-8wzj4,controller,10.42.0.21,k3s-master,0.2,200000000,0
2023-04-01 09:19:33.997173,graph-mst-2hot3y9n,graph-mst,10.42.2.124,ea-k3s-node-us-west-2-0,0.2,4294967296,0
2023-04-01 09:19:38.883694,graph-mst-2hot3y9n,graph-mst,10.42.2.124,ea-k3s-node-us-west-2-0,0.2,4294967296,0
2023-04-01 09:19:43.734049,graph-mst-2hot3y9n,graph-mst,10.42.2.124,ea-k3s-node-us-west-2-0,0.2,4294967296,0
2023-04-01 09:19:48.582362,graph-mst-2hot3y9n,graph-mst,10.42.2.124,ea-k3s-node-us-west-2-0,0.2,4294967296,0
2023-04-01 09:19:53.430143,graph-mst-2hot3y9n,graph-mst,10.42.2.124,ea-k3s-node-us-west-2-0,0.2,4294967296,0
2023-04-01 09:19:58.279084,graph-mst-2hot3y9n,graph-mst,10.42.2.124,ea-k3s-node-us-west-2-0,0.2,4294967296,0
2023-04-01 09:19:33.997173,graph-mst-z9tgbm68,graph-mst,10.42.3.141,ea-k3s-node-eu-west-2-1,0.2,4294967296,0
2023-04-01 09:19:38.883694,graph-mst-z9tgbm68,graph-mst,10.42.3.141,ea-k3s-node-eu-west-2-1,0.2,4294967296,0
2023-04-01 09:19:43.734049,graph-mst-z9tgbm68,graph-mst,10.42.3.141,ea-k3s-node-eu-west-2-1,0.2,4294967296,0
2023-04-01 09:19:48.582362,graph-mst-z9tgbm68,graph-mst,10.42.3.141,ea-k3s-node-eu-west-2-1,0.2,4294967296,0
2023-04-01 09:19:53.430143,graph-mst-z9tgbm68,graph-mst,10.42.3.141,ea-k3s-node-eu-west-2-1,0.2,4294967296,0
2023-04-01 09:19:58.279084,graph-mst-z9tgbm68,graph-mst,10.42.3.141,ea-k3s-node-eu-west-2-1,0.2,4294967296,0
2023-04-01 09:20:03.126512,community-0-556f9b58f9-8wzj4,controller,10.42.0.21,k3s-master,0.2,200000000,0
2023-04-01 09:20:08.018565,community-0-556f9b58f9-8wzj4,controller,10.42.0.21,k3s-master,0.2,200000000,0
2023-04-01 09:20:12.867664,community-0-556f9b58f9-8wzj4,controller,10.42.0.21,k3s-master,0.2,200000000,0
2023-04-01 09:20:17.7168,community-0-556f9b58f9-8wzj4,controller,10.42.0.21,k3s-master,0.2,200000000,0
2023-04-01 09:20:22.561072,community-0-556f9b58f9-8wzj4,controller,10.42.0.21,k3s-master,0.2,200000000,0
2023-04-01 09:20:27.409218,community-0-556f9b58f9-8wzj4,controller,10.42.0.21,k3s-master,0.2,200000000,0
2023-04-01 09:20:03.126512,graph-mst-2hot3y9n,graph-mst,10.42.2.124,ea-k3s-node-us-west-2-0,0.2,4294967296,0
2023-04-01 09:20:08.018565,graph-mst-2hot3y9n,graph-mst,10.42.2.124,ea-k3s-node-us-west-2-0,0.2,4294967296,0
2023-04-01 09:20:12.867664,graph-mst-2hot3y9n,graph-mst,10.42.2.124,ea-k3s-node-us-west-2-0,0.2,4294967296,0
2023-04-01 09:20:17.7168,graph-mst-2hot3y9n,graph-mst,10.42.2.124,ea-k3s-node-us-west-2-0,0.2,4294967296,0
2023-04-01 09:20:22.561072,graph-mst-2hot3y9n,graph-mst,10.42.2.124,ea-k3s-node-us-west-2-0,0.2,4294967296,0
2023-04-01 09:20:27.409218,graph-mst-2hot3y9n,graph-mst,10.42.2.124,ea-k3s-node-us-west-2-0,0.2,4294967296,0
2023-04-01 09:20:03.126512,graph-mst-z9tgbm68,graph-mst,10.42.3.141,ea-k3s-node-eu-west-2-1,0.2,4294967296,0
2023-04-01 09:20:08.018565,graph-mst-z9tgbm68,graph-mst,10.42.3.141,ea-k3s-node-eu-west-2-1,0.2,4294967296,0
2023-04-01 09:20:12.867664,graph-mst-z9tgbm68,graph-mst,10.42.3.141,ea-k3s-node-eu-west-2-1,0.2,4294967296,0
2023-04-01 09:20:17.7168,graph-mst-z9tgbm68,graph-mst,10.42.3.141,ea-k3s-node-eu-west-2-1,0.2,4294967296,0
2023-04-01 09:20:22.561072,graph-mst-z9tgbm68,graph-mst,10.42.3.141,ea-k3s-node-eu-west-2-1,0.2,4294967296,0
2023-04-01 09:20:27.409218,graph-mst-z9tgbm68,graph-mst,10.42.3.141,ea-k3s-node-eu-west-2-1,0.2,4294967296,0
2023-04-01 09:20:32.258466,community-0-556f9b58f9-8wzj4,controller,10.42.0.21,k3s-master,0.2,200000000,0
2023-04-01 09:20:37.146689,community-0-556f9b58f9-8wzj4,controller,10.42.0.21,k3s-master,0.2,200000000,0
2023-04-01 09:20:42.000442,community-0-556f9b58f9-8wzj4,controller,10.42.0.21,k3s-master,0.2,200000000,0
2023-04-01 09:20:46.857463,community-0-556f9b58f9-8wzj4,controller,10.42.0.21,k3s-master,0.2,200000000,0
2023-04-01 09:20:51.704777,community-0-556f9b58f9-8wzj4,controller,10.42.0.21,k3s-master,0.2,200000000,0
2023-04-01 09:20:56.556221,community-0-556f9b58f9-8wzj4,controller,10.42.0.21,k3s-master,0.2,200000000,0
2023-04-01 09:20:32.258466,graph-mst-2hot3y9n,graph-mst,10.42.2.124,ea-k3s-node-us-west-2-0,0.2,4294967296,0
2023-04-01 09:20:37.146689,graph-mst-2hot3y9n,graph-mst,10.42.2.124,ea-k3s-node-us-west-2-0,0.2,4294967296,0
2023-04-01 09:20:42.000442,graph-mst-2hot3y9n,graph-mst,10.42.2.124,ea-k3s-node-us-west-2-0,0.2,4294967296,0
2023-04-01 09:20:46.857463,graph-mst-2hot3y9n,graph-mst,10.42.2.124,ea-k3s-node-us-west-2-0,0.2,4294967296,0
2023-04-01 09:20:51.704777,graph-mst-2hot3y9n,graph-mst,10.42.2.124,ea-k3s-node-us-west-2-0,0.2,4294967296,0
2023-04-01 09:20:56.556221,graph-mst-2hot3y9n,graph-mst,10.42.2.124,ea-k3s-node-us-west-2-0,0.2,4294967296,0
2023-04-01 09:20:32.258466,graph-mst-z9tgbm68,graph-mst,10.42.3.141,ea-k3s-node-eu-west-2-1,0.2,4294967296,0
2023-04-01 09:20:37.146689,graph-mst-z9tgbm68,graph-mst,10.42.3.141,ea-k3s-node-eu-west-2-1,0.2,4294967296,0
2023-04-01 09:20:42.000442,graph-mst-z9tgbm68,graph-mst,10.42.3.141,ea-k3s-node-eu-west-2-1,0.2,4294967296,0
2023-04-01 09:20:46.857463,graph-mst-z9tgbm68,graph-mst,10.42.3.141,ea-k3s-node-eu-west-2-1,0.2,4294967296,0
2023-04-01 09:20:51.704777,graph-mst-z9tgbm68,graph-mst,10.42.3.141,ea-k3s-node-eu-west-2-1,0.2,4294967296,0
2023-04-01 09:21:01.400444,community-0-556f9b58f9-8wzj4,controller,10.42.0.21,k3s-master,0.2,200000000,0
2023-04-01 09:21:06.258899,community-0-556f9b58f9-8wzj4,controller,10.42.0.21,k3s-master,0.2,200000000,0
2023-04-01 09:21:11.099731,community-0-556f9b58f9-8wzj4,controller,10.42.0.21,k3s-master,0.2,200000000,0
2023-04-01 09:21:15.938807,community-0-556f9b58f9-8wzj4,controller,10.42.0.21,k3s-master,0.2,200000000,0
2023-04-01 09:21:20.779532,community-0-556f9b58f9-8wzj4,controller,10.42.0.21,k3s-master,0.2,200000000,0
2023-04-01 09:21:25.616629,community-0-556f9b58f9-8wzj4,controller,10.42.0.21,k3s-master,0.2,200000000,0
2023-04-01 09:21:01.400444,graph-mst-2hot3y9n,graph-mst,10.42.2.124,ea-k3s-node-us-west-2-0,0.2,4294967296,0
2023-04-01 09:21:06.258899,graph-mst-2hot3y9n,graph-mst,10.42.2.124,ea-k3s-node-us-west-2-0,0.2,4294967296,0
2023-04-01 09:21:11.099731,graph-mst-2hot3y9n,graph-mst,10.42.2.124,ea-k3s-node-us-west-2-0,0.2,4294967296,0
2023-04-01 09:21:15.938807,graph-mst-2hot3y9n,graph-mst,10.42.2.124,ea-k3s-node-us-west-2-0,0.2,4294967296,0
2023-04-01 09:21:20.779532,graph-mst-2hot3y9n,graph-mst,10.42.2.124,ea-k3s-node-us-west-2-0,0.2,4294967296,0
2023-04-01 09:21:25.616629,graph-mst-2hot3y9n,graph-mst,10.42.2.124,ea-k3s-node-us-west-2-0,0.2,4294967296,0
2023-04-01 09:21:30.454851,community-0-556f9b58f9-8wzj4,controller,10.42.0.21,k3s-master,0.2,200000000,0
2023-04-01 09:21:35.314933,community-0-556f9b58f9-8wzj4,controller,10.42.0.21,k3s-master,0.2,200000000,0
2023-04-01 09:21:40.154063,community-0-556f9b58f9-8wzj4,controller,10.42.0.21,k3s-master,0.2,200000000,0
2023-04-01 09:21:44.990945,community-0-556f9b58f9-8wzj4,controller,10.42.0.21,k3s-master,0.2,200000000,0
2023-04-01 09:21:49.830943,community-0-556f9b58f9-8wzj4,controller,10.42.0.21,k3s-master,0.2,200000000,0
2023-04-01 09:21:54.665695,community-0-556f9b58f9-8wzj4,controller,10.42.0.21,k3s-master,0.2,200000000,0
2023-04-01 09:21:59.503137,community-0-556f9b58f9-8wzj4,controller,10.42.0.21,k3s-master,0.2,200000000,0
2023-04-01 09:21:30.454851,graph-mst-2hot3y9n,graph-mst,10.42.2.124,ea-k3s-node-us-west-2-0,0.2,4294967296,0
2023-04-01 09:21:35.314933,graph-mst-2hot3y9n,graph-mst,10.42.2.124,ea-k3s-node-us-west-2-0,0.2,4294967296,0
2023-04-01 09:21:40.154063,graph-mst-2hot3y9n,graph-mst,10.42.2.124,ea-k3s-node-us-west-2-0,0.2,4294967296,0
2023-04-01 09:21:44.990945,graph-mst-2hot3y9n,graph-mst,10.42.2.124,ea-k3s-node-us-west-2-0,0.2,4294967296,0
2023-04-01 09:21:49.830943,graph-mst-2hot3y9n,graph-mst,10.42.2.124,ea-k3s-node-us-west-2-0,0.2,4294967296,0
2023-04-01 09:21:54.665695,graph-mst-2hot3y9n,graph-mst,10.42.2.124,ea-k3s-node-us-west-2-0,0.2,4294967296,0
2023-04-01 09:21:59.503137,graph-mst-2hot3y9n,graph-mst,10.42.2.124,ea-k3s-node-us-west-2-0,0.2,4294967296,0
2023-04-01 09:22:04.338417,community-0-556f9b58f9-8wzj4,controller,10.42.0.21,k3s-master,0.2,200000000,0
2023-04-01 09:22:09.263199,community-0-556f9b58f9-8wzj4,controller,10.42.0.21,k3s-master,0.2,200000000,0
2023-04-01 09:22:04.338417,graph-mst-2hot3y9n,graph-mst,10.42.2.124,ea-k3s-node-us-west-2-0,0.2,4294967296,0
2023-04-01 09:22:09.263199,graph-mst-2hot3y9n,graph-mst,10.42.2.124,ea-k3s-node-us-west-2-0,0.2,4294967296,0
